Ngày,Lần cuối
2010-01-04,517.05
2010-01-05,532.53
2010-01-06,534.46
2010-01-07,533.34
2010-01-08,520.9
2010-01-09,518.9533333333333
2010-01-10,517.0066666666667
2010-01-11,515.06
2010-01-12,498.31
2010-01-13,508.61
2010-01-14,512.33
2010-01-15,505.42
2010-01-16,499.3233333333333
2010-01-17,493.2266666666667
2010-01-18,487.13
2010-01-19,495.51
2010-01-20,489.5
2010-01-21,478.42
2010-01-22,477.59
2010-01-23,478.69666666666666
2010-01-24,479.80333333333334
2010-01-25,480.91
2010-01-26,497.9
2010-01-27,486.41
2010-01-28,481.76
2010-01-29,481.96
2010-01-30,483.62333333333333
2010-01-31,485.28666666666663
2010-02-01,486.95
2010-02-02,487.93
2010-02-03,495.48
2010-02-04,503.83
2010-02-05,493.04
2010-02-06,492.4266666666667
2010-02-07,491.81333333333333
2010-02-08,491.2
2010-02-09,482.89
2010-02-10,490.91
2010-02-11,499.94
2010-02-12,507.0
2010-02-13,507.302
2010-02-14,507.604
2010-02-15,507.906
2010-02-16,508.20799999999997
2010-02-17,508.51
2010-02-18,508.812
2010-02-19,509.114
2010-02-20,509.416
2010-02-21,509.71799999999996
2010-02-22,510.02
2010-02-23,496.29
2010-02-24,494.59
2010-02-25,494.99
2010-02-26,496.91
2010-02-27,498.9433333333333
2010-02-28,500.9766666666667
2010-03-01,503.01
2010-03-02,501.0
2010-03-03,507.32
2010-03-04,511.91
2010-03-05,513.39
2010-03-06,515.9666666666667
2010-03-07,518.5433333333333
2010-03-08,521.12
2010-03-09,527.27
2010-03-10,525.67
2010-03-11,524.64
2010-03-12,531.51
2010-03-13,531.6266666666667
2010-03-14,531.7433333333333
2010-03-15,531.86
2010-03-16,516.08
2010-03-17,510.85
2010-03-18,519.73
2010-03-19,515.99
2010-03-20,514.52
2010-03-21,513.05
2010-03-22,511.58
2010-03-23,506.53
2010-03-24,512.12
2010-03-25,503.39
2010-03-26,505.3
2010-03-27,505.42333333333335
2010-03-28,505.5466666666667
2010-03-29,505.67
2010-03-30,500.72
2010-03-31,499.24
2010-04-01,508.18
2010-04-02,510.48
2010-04-03,511.9166666666667
2010-04-04,513.3533333333334
2010-04-05,514.79
2010-04-06,515.33
2010-04-07,515.82
2010-04-08,515.93
2010-04-09,517.42
2010-04-10,518.2566666666667
2010-04-11,519.0933333333332
2010-04-12,519.93
2010-04-13,517.98
2010-04-14,516.21
2010-04-15,521.49
2010-04-16,522.03
2010-04-17,520.2666666666667
2010-04-18,518.5033333333333
2010-04-19,516.74
2010-04-20,515.2
2010-04-21,519.7
2010-04-22,529.31
2010-04-23,529.785
2010-04-24,530.26
2010-04-25,530.735
2010-04-26,531.21
2010-04-27,535.72
2010-04-28,539.2
2010-04-29,542.37
2010-04-30,543.72
2010-05-01,545.07
2010-05-02,546.42
2010-05-03,547.77
2010-05-04,549.12
2010-05-05,548.01
2010-05-06,549.51
2010-05-07,542.03
2010-05-08,539.48
2010-05-09,536.93
2010-05-10,534.38
2010-05-11,534.36
2010-05-12,519.6
2010-05-13,518.93
2010-05-14,520.72
2010-05-15,517.57
2010-05-16,514.42
2010-05-17,511.27
2010-05-18,508.3
2010-05-19,494.9
2010-05-20,503.55
2010-05-21,483.69
2010-05-22,484.5233333333333
2010-05-23,485.3566666666667
2010-05-24,486.19
2010-05-25,486.25
2010-05-26,492.69
2010-05-27,497.16
2010-05-28,512.99
2010-05-29,511.14
2010-05-30,509.29
2010-05-31,507.44
2010-06-01,508.68
2010-06-02,510.74
2010-06-03,511.16
2010-06-04,510.37
2010-06-05,505.87666666666667
2010-06-06,501.3833333333333
2010-06-07,496.89
2010-06-08,497.19
2010-06-09,497.56
2010-06-10,500.51
2010-06-11,504.29
2010-06-12,505.6333333333333
2010-06-13,506.9766666666667
2010-06-14,508.32
2010-06-15,508.01
2010-06-16,510.72
2010-06-17,510.76
2010-06-18,511.18
2010-06-19,512.37
2010-06-20,513.56
2010-06-21,514.75
2010-06-22,512.63
2010-06-23,512.82
2010-06-24,511.67
2010-06-25,505.12
2010-06-26,505.84
2010-06-27,506.56
2010-06-28,507.28
2010-06-29,510.71
2010-06-30,507.14
2010-07-01,504.02
2010-07-02,503.65
2010-07-03,504.61333333333334
2010-07-04,505.57666666666665
2010-07-05,506.54
2010-07-06,500.82
2010-07-07,496.91
2010-07-08,498.55
2010-07-09,499.46
2010-07-10,499.6166666666667
2010-07-11,499.7733333333333
2010-07-12,499.93
2010-07-13,509.08
2010-07-14,507.34
2010-07-15,505.19
2010-07-16,506.21
2010-07-17,506.41999999999996
2010-07-18,506.63
2010-07-19,506.84
2010-07-20,506.56
2010-07-21,505.4
2010-07-22,500.28
2010-07-23,500.31
2010-07-24,499.5733333333333
2010-07-25,498.8366666666667
2010-07-26,498.1
2010-07-27,497.67
2010-07-28,491.0
2010-07-29,491.11
2010-07-30,493.91
2010-07-31,493.1433333333334
2010-08-01,492.37666666666667
2010-08-02,491.61
2010-08-03,491.9
2010-08-04,486.71
2010-08-05,486.21
2010-08-06,482.82
2010-08-07,479.46
2010-08-08,476.1
2010-08-09,472.74
2010-08-10,461.67
2010-08-11,463.12
2010-08-12,448.4
2010-08-13,452.73
2010-08-14,456.74
2010-08-15,460.75
2010-08-16,464.76
2010-08-17,463.52
2010-08-18,455.49
2010-08-19,452.23
2010-08-20,454.84
2010-08-21,452.5333333333333
2010-08-22,450.2266666666667
2010-08-23,447.92
2010-08-24,434.42
2010-08-25,423.89
2010-08-26,427.07
2010-08-27,429.14
2010-08-28,434.27666666666664
2010-08-29,439.41333333333336
2010-08-30,444.55
2010-08-31,455.08
2010-09-01,458.75
2010-09-02,460.2
2010-09-03,461.65
2010-09-04,463.1
2010-09-05,464.55
2010-09-06,466.0
2010-09-07,460.59
2010-09-08,458.44
2010-09-09,463.68
2010-09-10,451.39
2010-09-11,450.01666666666665
2010-09-12,448.6433333333333
2010-09-13,447.27
2010-09-14,449.01
2010-09-15,448.72
2010-09-16,449.52
2010-09-17,457.58
2010-09-18,457.6766666666667
2010-09-19,457.7733333333333
2010-09-20,457.87
2010-09-21,453.32
2010-09-22,453.9
2010-09-23,450.77
2010-09-24,449.71
2010-09-25,449.87333333333333
2010-09-26,450.03666666666663
2010-09-27,450.2
2010-09-28,455.13
2010-09-29,452.94
2010-09-30,454.52
2010-10-01,451.71
2010-10-02,449.75
2010-10-03,447.78999999999996
2010-10-04,445.83
2010-10-05,450.96
2010-10-06,460.72
2010-10-07,462.05
2010-10-08,459.26
2010-10-09,459.28
2010-10-10,459.3
2010-10-11,459.32
2010-10-12,454.32
2010-10-13,457.7
2010-10-14,458.66
2010-10-15,458.39
2010-10-16,458.12333333333333
2010-10-17,457.8566666666666
2010-10-18,457.59
2010-10-19,454.25
2010-10-20,442.17
2010-10-21,445.05
2010-10-22,445.21
2010-10-23,446.3433333333333
2010-10-24,447.4766666666667
2010-10-25,448.61
2010-10-26,455.12
2010-10-27,450.01
2010-10-28,450.07
2010-10-29,452.63
2010-10-30,452.1066666666667
2010-10-31,451.5833333333333
2010-11-01,451.06
2010-11-02,446.3
2010-11-03,444.16
2010-11-04,448.95
2010-11-05,457.27
2010-11-06,457.2233333333333
2010-11-07,457.1766666666667
2010-11-08,457.13
2010-11-09,449.4
2010-11-10,451.26
2010-11-11,446.69
2010-11-12,441.6
2010-11-13,438.91333333333336
2010-11-14,436.2266666666667
2010-11-15,433.54
2010-11-16,426.89
2010-11-17,425.5
2010-11-18,430.72
2010-11-19,426.51
2010-11-20,426.4033333333333
2010-11-21,426.2966666666667
2010-11-22,426.19
2010-11-23,430.81
2010-11-24,434.48
2010-11-25,439.85
2010-11-26,439.94
2010-11-27,442.08
2010-11-28,444.22
2010-11-29,446.36
2010-11-30,451.59
2010-12-01,449.93
2010-12-02,457.42
2010-12-03,464.35
2010-12-04,464.75333333333333
2010-12-05,465.1566666666667
2010-12-06,465.56
2010-12-07,460.76
2010-12-08,452.83
2010-12-09,460.45
2010-12-10,473.06
2010-12-11,478.78000000000003
2010-12-12,484.5
2010-12-13,490.22
2010-12-14,489.65
2010-12-15,493.47
2010-12-16,480.21
2010-12-17,485.29
2010-12-18,482.9566666666667
2010-12-19,480.62333333333333
2010-12-20,478.29
2010-12-21,481.78
2010-12-22,481.53
2010-12-23,475.41
2010-12-24,472.76
2010-12-25,472.8566666666667
2010-12-26,472.9533333333333
2010-12-27,473.05
2010-12-28,479.33
2010-12-29,478.75
2010-12-30,481.4
2010-12-31,484.66
2011-01-01,484.9875
2011-01-02,485.31500000000005
2011-01-03,485.64250000000004
2011-01-04,485.97
2011-01-05,481.91
2011-01-06,482.31
2011-01-07,481.86
2011-01-08,481.42333333333335
2011-01-09,480.9866666666667
2011-01-10,480.55
2011-01-11,477.44
2011-01-12,478.45
2011-01-13,484.12
2011-01-14,489.22
2011-01-15,491.20000000000005
2011-01-16,493.18
2011-01-17,495.16
2011-01-18,497.43
2011-01-19,505.91
2011-01-20,511.98
2011-01-21,519.5
2011-01-22,516.2933333333333
2011-01-23,513.0866666666667
2011-01-24,509.88
2011-01-25,501.97
2011-01-26,501.25
2011-01-27,502.68
2011-01-28,510.6
2011-01-29,511.51727272727277
2011-01-30,512.4345454545455
2011-01-31,513.3518181818182
2011-02-01,514.2690909090909
2011-02-02,515.1863636363637
2011-02-03,516.1036363636364
2011-02-04,517.0209090909092
2011-02-05,517.9381818181819
2011-02-06,518.8554545454546
2011-02-07,519.7727272727274
2011-02-08,520.69
2011-02-09,522.59
2011-02-10,520.23
2011-02-11,519.98
2011-02-12,518.0033333333333
2011-02-13,516.0266666666666
2011-02-14,514.05
2011-02-15,517.87
2011-02-16,513.11
2011-02-17,509.83
2011-02-18,503.92
2011-02-19,497.17333333333335
2011-02-20,490.4266666666667
2011-02-21,483.68
2011-02-22,470.02
2011-02-23,470.67
2011-02-24,461.29
2011-02-25,466.96
2011-02-26,465.09666666666664
2011-02-27,463.23333333333335
2011-02-28,461.37
2011-03-01,466.12
2011-03-02,457.83
2011-03-03,452.34
2011-03-04,459.23
2011-03-05,462.2266666666667
2011-03-06,465.22333333333336
2011-03-07,468.22
2011-03-08,475.38
2011-03-09,470.51
2011-03-10,482.49
2011-03-11,495.06
2011-03-12,490.00666666666666
2011-03-13,484.9533333333333
2011-03-14,479.9
2011-03-15,468.74
2011-03-16,463.58
2011-03-17,460.53
2011-03-18,461.08
2011-03-19,463.46999999999997
2011-03-20,465.86
2011-03-21,468.25
2011-03-22,464.8
2011-03-23,467.64
2011-03-24,461.32
2011-03-25,457.74
2011-03-26,458.3333333333333
2011-03-27,458.9266666666667
2011-03-28,459.52
2011-03-29,457.88
2011-03-30,460.04
2011-03-31,461.13
2011-04-01,459.17
2011-04-02,458.53000000000003
2011-04-03,457.89
2011-04-04,457.25
2011-04-05,457.2
2011-04-06,464.94
2011-04-07,463.49
2011-04-08,464.29
2011-04-09,463.634
2011-04-10,462.978
2011-04-11,462.322
2011-04-12,461.666
2011-04-13,461.01
2011-04-14,460.63
2011-04-15,460.96
2011-04-16,459.12666666666667
2011-04-17,457.2933333333333
2011-04-18,455.46
2011-04-19,453.74
2011-04-20,458.5
2011-04-21,460.3
2011-04-22,456.45
2011-04-23,459.50666666666666
2011-04-24,462.56333333333333
2011-04-25,465.62
2011-04-26,461.86
2011-04-27,469.32
2011-04-28,472.93
2011-04-29,480.08
2011-04-30,481.38
2011-05-01,482.68
2011-05-02,483.97999999999996
2011-05-03,485.28
2011-05-04,486.58
2011-05-05,479.29
2011-05-06,472.71
2011-05-07,474.2966666666667
2011-05-08,475.8833333333333
2011-05-09,477.47
2011-05-10,481.29
2011-05-11,483.15
2011-05-12,482.14
2011-05-13,479.67
2011-05-14,476.9433333333333
2011-05-15,474.2166666666667
2011-05-16,471.49
2011-05-17,464.35
2011-05-18,454.91
2011-05-19,444.85
2011-05-20,432.87
2011-05-21,427.85333333333335
2011-05-22,422.83666666666664
2011-05-23,417.82
2011-05-24,402.59
2011-05-25,386.36
2011-05-26,398.04
2011-05-27,410.82
2011-05-28,411.24666666666667
2011-05-29,411.67333333333335
2011-05-30,412.1
2011-05-31,421.37
2011-06-01,435.69
2011-06-02,450.59
2011-06-03,443.41
2011-06-04,440.21000000000004
2011-06-05,437.01
2011-06-06,433.81
2011-06-07,443.68
2011-06-08,439.57
2011-06-09,443.95
2011-06-10,445.0
2011-06-11,444.23
2011-06-12,443.46
2011-06-13,442.69
2011-06-14,441.54
2011-06-15,441.45
2011-06-16,445.17
2011-06-17,438.93
2011-06-18,436.49666666666667
2011-06-19,434.06333333333333
2011-06-20,431.63
2011-06-21,442.74
2011-06-22,439.63
2011-06-23,434.75
2011-06-24,433.4
2011-06-25,433.68333333333334
2011-06-26,433.96666666666664
2011-06-27,434.25
2011-06-28,432.31
2011-06-29,434.6
2011-06-30,432.54
2011-07-01,425.29
2011-07-02,425.33333333333337
2011-07-03,425.37666666666667
2011-07-04,425.42
2011-07-05,431.03
2011-07-06,428.3
2011-07-07,429.99
2011-07-08,430.32
2011-07-09,428.57666666666665
2011-07-10,426.8333333333333
2011-07-11,425.09
2011-07-12,417.25
2011-07-13,418.18
2011-07-14,418.93
2011-07-15,414.74
2011-07-16,415.0833333333333
2011-07-17,415.4266666666667
2011-07-18,415.77
2011-07-19,410.12
2011-07-20,416.77
2011-07-21,413.06
2011-07-22,409.2
2011-07-23,409.25333333333333
2011-07-24,409.3066666666667
2011-07-25,409.36
2011-07-26,409.39
2011-07-27,409.4
2011-07-28,408.39
2011-07-29,405.7
2011-07-30,404.45
2011-07-31,403.2
2011-08-01,401.95
2011-08-02,396.55
2011-08-03,391.47
2011-08-04,396.05
2011-08-05,400.88
2011-08-06,399.39
2011-08-07,397.90000000000003
2011-08-08,396.41
2011-08-09,387.7
2011-08-10,385.96
2011-08-11,384.44
2011-08-12,383.92
2011-08-13,384.05333333333334
2011-08-14,384.18666666666667
2011-08-15,384.32
2011-08-16,386.48
2011-08-17,393.46
2011-08-18,402.89
2011-08-19,400.76
2011-08-20,402.51666666666665
2011-08-21,404.2733333333333
2011-08-22,406.03
2011-08-23,401.28
2011-08-24,396.68
2011-08-25,401.65
2011-08-26,404.41
2011-08-27,407.3966666666667
2011-08-28,410.3833333333333
2011-08-29,413.37
2011-08-30,419.26
2011-08-31,424.71
2011-09-01,435.29
2011-09-02,435.40000000000003
2011-09-03,435.51
2011-09-04,435.62
2011-09-05,435.73
2011-09-06,436.16
2011-09-07,443.99
2011-09-08,453.26
2011-09-09,459.92
2011-09-10,460.92333333333335
2011-09-11,461.9266666666667
2011-09-12,462.93
2011-09-13,469.4
2011-09-14,466.99
2011-09-15,470.67
2011-09-16,457.11
2011-09-17,458.6333333333333
2011-09-18,460.1566666666667
2011-09-19,461.68
2011-09-20,454.37
2011-09-21,447.57
2011-09-22,449.26
2011-09-23,440.3
2011-09-24,438.34333333333336
2011-09-25,436.38666666666666
2011-09-26,434.43
2011-09-27,437.47
2011-09-28,433.97
2011-09-29,428.08
2011-09-30,427.6
2011-10-01,425.77333333333337
2011-10-02,423.94666666666666
2011-10-03,422.12
2011-10-04,418.18
2011-10-05,417.21
2011-10-06,421.32
2011-10-07,417.96
2011-10-08,418.52666666666664
2011-10-09,419.09333333333336
2011-10-10,419.66
2011-10-11,417.73
2011-10-12,410.91
2011-10-13,412.59
2011-10-14,414.49
2011-10-15,413.2733333333333
2011-10-16,412.0566666666667
2011-10-17,410.84
2011-10-18,404.32
2011-10-19,401.15
2011-10-20,403.73
2011-10-21,411.03
2011-10-22,412.1733333333333
2011-10-23,413.31666666666666
2011-10-24,414.46
2011-10-25,409.38
2011-10-26,412.1
2011-10-27,414.75
2011-10-28,422.07
2011-10-29,421.65
2011-10-30,421.23
2011-10-31,420.81
2011-11-01,413.82
2011-11-02,407.79
2011-11-03,408.44
2011-11-04,410.57
2011-11-05,410.55333333333334
2011-11-06,410.53666666666663
2011-11-07,410.52
2011-11-08,408.6
2011-11-09,405.19
2011-11-10,401.03
2011-11-11,396.3
2011-11-12,394.78000000000003
2011-11-13,393.26
2011-11-14,391.74
2011-11-15,387.87
2011-11-16,390.89
2011-11-17,385.86
2011-11-18,379.62
2011-11-19,379.46
2011-11-20,379.3
2011-11-21,379.14
2011-11-22,381.76
2011-11-23,388.57
2011-11-24,381.78
2011-11-25,383.35
2011-11-26,383.3366666666667
2011-11-27,383.3233333333333
2011-11-28,383.31
2011-11-29,382.9
2011-11-30,380.69
2011-12-01,380.1
2011-12-02,383.88
2011-12-03,386.31666666666666
2011-12-04,388.75333333333333
2011-12-05,391.19
2011-12-06,390.2
2011-12-07,387.21
2011-12-08,381.63
2011-12-09,377.16
2011-12-10,376.54
2011-12-11,375.92
2011-12-12,375.3
2011-12-13,371.75
2011-12-14,367.55
2011-12-15,364.48
2011-12-16,366.03
2011-12-17,366.4866666666666
2011-12-18,366.9433333333333
2011-12-19,367.4
2011-12-20,365.67
2011-12-21,367.72
2011-12-22,360.37
2011-12-23,356.21
2011-12-24,355.0333333333333
2011-12-25,353.8566666666667
2011-12-26,352.68
2011-12-27,347.8
2011-12-28,350.66
2011-12-29,350.51
2011-12-30,351.55
2011-12-31,351.1625
2012-01-01,350.775
2012-01-02,350.3875
2012-01-03,350.0
2012-01-04,348.84
2012-01-05,340.94
2012-01-06,336.73
2012-01-07,337.59333333333336
2012-01-08,338.45666666666665
2012-01-09,339.32
2012-01-10,344.68
2012-01-11,347.43
2012-01-12,348.11
2012-01-13,354.33
2012-01-14,355.51
2012-01-15,356.69
2012-01-16,357.87
2012-01-17,358.86
2012-01-18,362.66
2012-01-19,373.43
2012-01-20,373.0
2012-01-21,374.194
2012-01-22,375.388
2012-01-23,376.582
2012-01-24,377.776
2012-01-25,378.97
2012-01-26,380.164
2012-01-27,381.358
2012-01-28,382.552
2012-01-29,383.746
2012-01-30,384.94
2012-01-31,387.97
2012-02-01,390.67
2012-02-02,401.61
2012-02-03,401.74
2012-02-04,401.07
2012-02-05,400.40000000000003
2012-02-06,399.73
2012-02-07,401.08
2012-02-08,409.53
2012-02-09,411.39
2012-02-10,405.02
2012-02-11,401.86
2012-02-12,398.7
2012-02-13,395.54
2012-02-14,400.26
2012-02-15,397.41
2012-02-16,396.51
2012-02-17,403.3
2012-02-18,406.86
2012-02-19,410.42
2012-02-20,413.98
2012-02-21,410.91
2012-02-22,418.41
2012-02-23,423.89
2012-02-24,423.43
2012-02-25,425.09000000000003
2012-02-26,426.75
2012-02-27,428.41
2012-02-28,422.22
2012-02-29,423.64
2012-03-01,427.95
2012-03-02,439.6
2012-03-03,445.47
2012-03-04,451.34
2012-03-05,457.21
2012-03-06,445.0
2012-03-07,444.02
2012-03-08,431.66
2012-03-09,432.11
2012-03-10,430.74666666666667
2012-03-11,429.3833333333333
2012-03-12,428.02
2012-03-13,429.39
2012-03-14,433.86
2012-03-15,441.85
2012-03-16,438.52
2012-03-17,438.37
2012-03-18,438.21999999999997
2012-03-19,438.07
2012-03-20,440.29
2012-03-21,445.77
2012-03-22,445.67
2012-03-23,454.1
2012-03-24,455.82
2012-03-25,457.54
2012-03-26,459.26
2012-03-27,445.92
2012-03-28,446.32
2012-03-29,439.63
2012-03-30,441.03
2012-03-31,442.215
2012-04-01,443.4
2012-04-02,444.585
2012-04-03,445.77
2012-04-04,439.77
2012-04-05,444.93
2012-04-06,447.44
2012-04-07,448.5366666666667
2012-04-08,449.6333333333333
2012-04-09,450.73
2012-04-10,450.85
2012-04-11,458.74
2012-04-12,465.26
2012-04-13,462.52
2012-04-14,464.43333333333334
2012-04-15,466.34666666666664
2012-04-16,468.26
2012-04-17,472.84
2012-04-18,472.16
2012-04-19,467.08
2012-04-20,465.72
2012-04-21,465.5366666666667
2012-04-22,465.35333333333335
2012-04-23,465.17
2012-04-24,465.65
2012-04-25,472.87
2012-04-26,470.21
2012-04-27,473.77
2012-04-28,473.508
2012-04-29,473.246
2012-04-30,472.984
2012-05-01,472.722
2012-05-02,472.46
2012-05-03,468.8
2012-05-04,476.32
2012-05-05,479.65
2012-05-06,482.98
2012-05-07,486.31
2012-05-08,488.07
2012-05-09,487.62
2012-05-10,486.07
2012-05-11,480.1
2012-05-12,476.63
2012-05-13,473.16
2012-05-14,469.69
2012-05-15,455.65
2012-05-16,449.91
2012-05-17,442.58
2012-05-18,434.95
2012-05-19,439.3066666666667
2012-05-20,443.6633333333333
2012-05-21,448.02
2012-05-22,447.94
2012-05-23,436.75
2012-05-24,426.92
2012-05-25,437.38
2012-05-26,436.74666666666667
2012-05-27,436.11333333333334
2012-05-28,435.48
2012-05-29,431.44
2012-05-30,435.34
2012-05-31,429.2
2012-06-01,428.8
2012-06-02,424.75
2012-06-03,420.7
2012-06-04,416.65
2012-06-05,421.02
2012-06-06,426.39
2012-06-07,434.41
2012-06-08,432.9
2012-06-09,432.76666666666665
2012-06-10,432.6333333333333
2012-06-11,432.5
2012-06-12,428.16
2012-06-13,427.61
2012-06-14,425.28
2012-06-15,433.09
2012-06-16,433.9233333333333
2012-06-17,434.75666666666666
2012-06-18,435.59
2012-06-19,431.08
2012-06-20,432.89
2012-06-21,431.14
2012-06-22,427.17
2012-06-23,426.15333333333336
2012-06-24,425.13666666666666
2012-06-25,424.12
2012-06-26,419.19
2012-06-27,418.04
2012-06-28,418.16
2012-06-29,422.37
2012-06-30,421.3466666666667
2012-07-01,420.3233333333333
2012-07-02,419.3
2012-07-03,413.09
2012-07-04,410.73
2012-07-05,413.83
2012-07-06,415.44
2012-07-07,413.0
2012-07-08,410.56
2012-07-09,408.12
2012-07-10,405.39
2012-07-11,407.28
2012-07-12,408.72
2012-07-13,416.98
2012-07-14,415.98
2012-07-15,414.98
2012-07-16,413.98
2012-07-17,417.55
2012-07-18,418.83
2012-07-19,428.38
2012-07-20,424.47
2012-07-21,423.6433333333334
2012-07-22,422.81666666666666
2012-07-23,421.99
2012-07-24,415.63
2012-07-25,412.91
2012-07-26,414.8
2012-07-27,413.16
2012-07-28,413.77333333333337
2012-07-29,414.38666666666666
2012-07-30,415.0
2012-07-31,414.48
2012-08-01,412.55
2012-08-02,416.1
2012-08-03,418.21
2012-08-04,419.86
2012-08-05,421.51
2012-08-06,423.16
2012-08-07,422.5
2012-08-08,423.57
2012-08-09,426.98
2012-08-10,425.56
2012-08-11,425.7633333333333
2012-08-12,425.9666666666667
2012-08-13,426.17
2012-08-14,429.47
2012-08-15,430.77
2012-08-16,430.83
2012-08-17,433.45
2012-08-18,434.72666666666663
2012-08-19,436.00333333333333
2012-08-20,437.28
2012-08-21,416.84
2012-08-22,410.23
2012-08-23,392.82
2012-08-24,399.72
2012-08-25,395.21000000000004
2012-08-26,390.7
2012-08-27,386.19
2012-08-28,385.78
2012-08-29,393.06
2012-08-30,397.25
2012-08-31,396.02
2012-09-01,397.53499999999997
2012-09-02,399.04999999999995
2012-09-03,400.565
2012-09-04,402.08
2012-09-05,398.92
2012-09-06,393.41
2012-09-07,397.51
2012-09-08,394.6333333333333
2012-09-09,391.75666666666666
2012-09-10,388.88
2012-09-11,386.62
2012-09-12,388.35
2012-09-13,391.36
2012-09-14,398.87
2012-09-15,399.83
2012-09-16,400.79
2012-09-17,401.75
2012-09-18,394.51
2012-09-19,394.55
2012-09-20,389.28
2012-09-21,395.48
2012-09-22,393.7766666666667
2012-09-23,392.0733333333333
2012-09-24,390.37
2012-09-25,391.77
2012-09-26,395.12
2012-09-27,393.34
2012-09-28,392.57
2012-09-29,390.56333333333333
2012-09-30,388.5566666666667
2012-10-01,386.55
2012-10-02,384.32
2012-10-03,385.37
2012-10-04,384.51
2012-10-05,388.16
2012-10-06,389.92333333333335
2012-10-07,391.68666666666667
2012-10-08,393.45
2012-10-09,393.67
2012-10-10,394.66
2012-10-11,394.19
2012-10-12,392.54
2012-10-13,392.21333333333337
2012-10-14,391.88666666666666
2012-10-15,391.56
2012-10-16,399.22
2012-10-17,397.02
2012-10-18,398.51
2012-10-19,398.23
2012-10-20,397.82
2012-10-21,397.41
2012-10-22,397.0
2012-10-23,397.71
2012-10-24,395.45
2012-10-25,389.92
2012-10-26,391.7
2012-10-27,391.58666666666664
2012-10-28,391.47333333333336
2012-10-29,391.36
2012-10-30,389.86
2012-10-31,388.42
2012-11-01,387.95
2012-11-02,375.26
2012-11-03,375.93
2012-11-04,376.59999999999997
2012-11-05,377.27
2012-11-06,376.95
2012-11-07,380.9
2012-11-08,385.6
2012-11-09,386.71
2012-11-10,387.34666666666664
2012-11-11,387.98333333333335
2012-11-12,388.62
2012-11-13,385.22
2012-11-14,387.71
2012-11-15,386.91
2012-11-16,385.71
2012-11-17,384.9133333333333
2012-11-18,384.1166666666667
2012-11-19,383.32
2012-11-20,385.1
2012-11-21,383.87
2012-11-22,383.22
2012-11-23,381.71
2012-11-24,380.44
2012-11-25,379.16999999999996
2012-11-26,377.9
2012-11-27,376.89
2012-11-28,375.79
2012-11-29,378.2
2012-11-30,377.82
2012-12-01,378.30333333333334
2012-12-02,378.78666666666663
2012-12-03,379.27
2012-12-04,382.1
2012-12-05,385.69
2012-12-06,385.69
2012-12-07,383.8
2012-12-08,384.7633333333333
2012-12-09,385.7266666666667
2012-12-10,386.69
2012-12-11,389.37
2012-12-12,391.08
2012-12-13,391.19
2012-12-14,392.21
2012-12-15,392.68333333333334
2012-12-16,393.15666666666664
2012-12-17,393.63
2012-12-18,393.39
2012-12-19,398.59
2012-12-20,399.68
2012-12-21,396.78
2012-12-22,397.75666666666666
2012-12-23,398.7333333333333
2012-12-24,399.71
2012-12-25,401.34
2012-12-26,406.1
2012-12-27,409.97
2012-12-28,413.73
2012-12-29,414.654
2012-12-30,415.57800000000003
2012-12-31,416.502
2013-01-01,417.42600000000004
2013-01-02,418.35
2013-01-03,419.27
2013-01-04,426.06
2013-01-05,428.77
2013-01-06,431.48
2013-01-07,434.19
2013-01-08,447.16
2013-01-09,448.77
2013-01-10,460.12
2013-01-11,462.69
2013-01-12,461.45
2013-01-13,460.21000000000004
2013-01-14,458.97
2013-01-15,461.42
2013-01-16,465.25
2013-01-17,456.76
2013-01-18,454.16
2013-01-19,452.0366666666667
2013-01-20,449.91333333333336
2013-01-21,447.79
2013-01-22,442.85
2013-01-23,443.37
2013-01-24,452.4
2013-01-25,468.09
2013-01-26,471.9266666666667
2013-01-27,475.7633333333333
2013-01-28,479.6
2013-01-29,484.01
2013-01-30,487.6
2013-01-31,479.79
2013-02-01,483.42
2013-02-02,483.0733333333333
2013-02-03,482.7266666666667
2013-02-04,482.38
2013-02-05,477.36
2013-02-06,488.36
2013-02-07,490.62
2013-02-08,494.03
2013-02-09,494.022
2013-02-10,494.01399999999995
2013-02-11,494.006
2013-02-12,493.998
2013-02-13,493.99
2013-02-14,493.98199999999997
2013-02-15,493.974
2013-02-16,493.966
2013-02-17,493.95799999999997
2013-02-18,493.95
2013-02-19,490.78
2013-02-20,494.83
2013-02-21,476.73
2013-02-22,477.69
2013-02-23,479.69
2013-02-24,481.69
2013-02-25,483.69
2013-02-26,465.05
2013-02-27,465.72
2013-02-28,474.56
2013-03-01,477.15
2013-03-02,474.34666666666664
2013-03-03,471.54333333333335
2013-03-04,468.74
2013-03-05,462.12
2013-03-06,471.09
2013-03-07,466.63
2013-03-08,470.68
2013-03-09,472.62
2013-03-10,474.56
2013-03-11,476.5
2013-03-12,475.34
2013-03-13,473.18
2013-03-14,474.6
2013-03-15,481.35
2013-03-16,480.61
2013-03-17,479.87
2013-03-18,479.13
2013-03-19,480.48
2013-03-20,487.04
2013-03-21,491.79
2013-03-22,489.99
2013-03-23,491.18333333333334
2013-03-24,492.37666666666667
2013-03-25,493.57
2013-03-26,489.46
2013-03-27,491.26
2013-03-28,490.67
2013-03-29,491.04
2013-03-30,495.96333333333337
2013-03-31,500.88666666666666
2013-04-01,505.81
2013-04-02,509.43
2013-04-03,505.93
2013-04-04,497.35
2013-04-05,502.58
2013-04-06,503.94
2013-04-07,505.3
2013-04-08,506.66
2013-04-09,510.49
2013-04-10,496.5
2013-04-11,504.07
2013-04-12,494.27
2013-04-13,489.52
2013-04-14,484.77
2013-04-15,480.02
2013-04-16,478.07
2013-04-17,483.99
2013-04-18,473.21
2013-04-19,472.015
2013-04-20,470.82
2013-04-21,469.625
2013-04-22,468.43
2013-04-23,473.69
2013-04-24,472.89
2013-04-25,476.59
2013-04-26,474.51
2013-04-27,474.26166666666666
2013-04-28,474.0133333333333
2013-04-29,473.765
2013-04-30,473.51666666666665
2013-05-01,473.2683333333333
2013-05-02,473.02
2013-05-03,475.24
2013-05-04,479.6
2013-05-05,483.96
2013-05-06,488.32
2013-05-07,485.58
2013-05-08,485.07
2013-05-09,486.22
2013-05-10,486.1
2013-05-11,487.04333333333335
2013-05-12,487.9866666666667
2013-05-13,488.93
2013-05-14,483.85
2013-05-15,485.97
2013-05-16,490.34
2013-05-17,487.6
2013-05-18,489.1566666666667
2013-05-19,490.7133333333333
2013-05-20,492.27
2013-05-21,500.18
2013-05-22,502.23
2013-05-23,498.22
2013-05-24,500.24
2013-05-25,504.2966666666667
2013-05-26,508.3533333333333
2013-05-27,512.41
2013-05-28,516.33
2013-05-29,515.09
2013-05-30,521.45
2013-05-31,518.39
2013-06-01,517.9366666666666
2013-06-02,517.4833333333333
2013-06-03,517.03
2013-06-04,510.69
2013-06-05,514.64
2013-06-06,520.9
2013-06-07,527.97
2013-06-08,526.8333333333334
2013-06-09,525.6966666666666
2013-06-10,524.56
2013-06-11,521.95
2013-06-12,518.24
2013-06-13,515.09
2013-06-14,509.03
2013-06-15,505.52666666666664
2013-06-16,502.0233333333333
2013-06-17,498.52
2013-06-18,498.88
2013-06-19,503.37
2013-06-20,499.51
2013-06-21,498.84
2013-06-22,495.8066666666667
2013-06-23,492.7733333333333
2013-06-24,489.74
2013-06-25,473.02
2013-06-26,473.53
2013-06-27,482.95
2013-06-28,481.13
2013-06-29,480.76666666666665
2013-06-30,480.40333333333336
2013-07-01,480.04
2013-07-02,489.84
2013-07-03,487.35
2013-07-04,487.22
2013-07-05,485.66
2013-07-06,484.69666666666666
2013-07-07,483.73333333333335
2013-07-08,482.77
2013-07-09,485.5
2013-07-10,484.43
2013-07-11,484.47
2013-07-12,493.99
2013-07-13,494.0266666666667
2013-07-14,494.06333333333333
2013-07-15,494.1
2013-07-16,496.22
2013-07-17,497.5
2013-07-18,496.84
2013-07-19,503.76
2013-07-20,504.56
2013-07-21,505.36
2013-07-22,506.16
2013-07-23,504.29
2013-07-24,494.18
2013-07-25,491.78
2013-07-26,493.93
2013-07-27,491.18333333333334
2013-07-28,488.43666666666667
2013-07-29,485.69
2013-07-30,488.54
2013-07-31,491.85
2013-08-01,492.43
2013-08-02,494.66
2013-08-03,494.3266666666667
2013-08-04,493.99333333333334
2013-08-05,493.66
2013-08-06,496.56
2013-08-07,500.1
2013-08-08,498.22
2013-08-09,500.62
2013-08-10,500.23333333333335
2013-08-11,499.84666666666664
2013-08-12,499.46
2013-08-13,497.73
2013-08-14,503.57
2013-08-15,508.22
2013-08-16,507.79
2013-08-17,508.8666666666667
2013-08-18,509.9433333333333
2013-08-19,511.02
2013-08-20,504.81
2013-08-21,502.7
2013-08-22,496.12
2013-08-23,486.82
2013-08-24,488.06
2013-08-25,489.3
2013-08-26,490.54
2013-08-27,485.57
2013-08-28,473.3
2013-08-29,468.55
2013-08-30,472.7
2013-08-31,472.5675
2013-09-01,472.435
2013-09-02,472.3025
2013-09-03,472.17
2013-09-04,471.45
2013-09-05,477.57
2013-09-06,480.03
2013-09-07,476.74
2013-09-08,473.45
2013-09-09,470.16
2013-09-10,474.53
2013-09-11,476.4
2013-09-12,475.59
2013-09-13,476.42
2013-09-14,476.13666666666666
2013-09-15,475.85333333333335
2013-09-16,475.57
2013-09-17,477.73
2013-09-18,474.26
2013-09-19,476.09
2013-09-20,477.19
2013-09-21,477.8233333333333
2013-09-22,478.45666666666665
2013-09-23,479.09
2013-09-24,482.82
2013-09-25,486.22
2013-09-26,485.11
2013-09-27,486.61
2013-09-28,488.6166666666667
2013-09-29,490.62333333333333
2013-09-30,492.63
2013-10-01,492.24
2013-10-02,494.39
2013-10-03,492.3
2013-10-04,497.5
2013-10-05,498.49
2013-10-06,499.48
2013-10-07,500.47
2013-10-08,502.22
2013-10-09,500.67
2013-10-10,494.81
2013-10-11,494.53
2013-10-12,494.22666666666663
2013-10-13,493.92333333333335
2013-10-14,493.62
2013-10-15,495.72
2013-10-16,498.96
2013-10-17,499.59
2013-10-18,500.83
2013-10-19,501.07666666666665
2013-10-20,501.3233333333333
2013-10-21,501.57
2013-10-22,500.57
2013-10-23,504.05
2013-10-24,501.17
2013-10-25,500.75
2013-10-26,499.32
2013-10-27,497.89
2013-10-28,496.46
2013-10-29,497.08
2013-10-30,499.07
2013-10-31,497.41
2013-11-01,497.08
2013-11-02,497.07666666666665
2013-11-03,497.0733333333333
2013-11-04,497.07
2013-11-05,499.79
2013-11-06,502.52
2013-11-07,499.86
2013-11-08,498.61
2013-11-09,499.43333333333334
2013-11-10,500.25666666666666
2013-11-11,501.08
2013-11-12,497.65
2013-11-13,496.12
2013-11-14,497.85
2013-11-15,501.34
2013-11-16,503.05333333333334
2013-11-17,504.76666666666665
2013-11-18,506.48
2013-11-19,504.71
2013-11-20,505.52
2013-11-21,503.54
2013-11-22,505.64
2013-11-23,505.9133333333333
2013-11-24,506.18666666666667
2013-11-25,506.46
2013-11-26,509.16
2013-11-27,508.43
2013-11-28,507.71
2013-11-29,507.78
2013-11-30,508.03
2013-12-01,508.28
2013-12-02,508.53
2013-12-03,511.62
2013-12-04,510.88
2013-12-05,510.03
2013-12-06,510.12
2013-12-07,510.49
2013-12-08,510.86
2013-12-09,511.23
2013-12-10,511.6
2013-12-11,505.31
2013-12-12,506.92
2013-12-13,506.06
2013-12-14,504.72
2013-12-15,503.38
2013-12-16,502.04
2013-12-17,505.67
2013-12-18,505.25
2013-12-19,506.28
2013-12-20,504.45
2013-12-21,505.86
2013-12-22,507.27
2013-12-23,508.68
2013-12-24,505.62
2013-12-25,504.42
2013-12-26,506.55
2013-12-27,506.41
2013-12-28,504.39000000000004
2013-12-29,502.37
2013-12-30,500.35
2013-12-31,504.63
2014-01-01,504.57
2014-01-02,504.51
2014-01-03,505.37
2014-01-04,506.61333333333334
2014-01-05,507.8566666666667
2014-01-06,509.1
2014-01-07,510.12
2014-01-08,513.9
2014-01-09,516.98
2014-01-10,518.94
2014-01-11,519.6633333333334
2014-01-12,520.3866666666667
2014-01-13,521.11
2014-01-14,522.31
2014-01-15,526.68
2014-01-16,533.54
2014-01-17,543.59
2014-01-18,546.95
2014-01-19,550.31
2014-01-20,553.67
2014-01-21,559.91
2014-01-22,551.92
2014-01-23,553.55
2014-01-24,560.19
2014-01-25,558.9666666666667
2014-01-26,557.7433333333333
2014-01-27,556.52
2014-01-28,556.336
2014-01-29,556.1519999999999
2014-01-30,555.968
2014-01-31,555.784
2014-02-01,555.5999999999999
2014-02-02,555.4159999999999
2014-02-03,555.232
2014-02-04,555.048
2014-02-05,554.8639999999999
2014-02-06,554.68
2014-02-07,549.76
2014-02-08,551.8066666666666
2014-02-09,553.8533333333334
2014-02-10,555.9
2014-02-11,553.9
2014-02-12,564.25
2014-02-13,570.18
2014-02-14,572.22
2014-02-15,571.5466666666667
2014-02-16,570.8733333333333
2014-02-17,570.2
2014-02-18,574.56
2014-02-19,578.12
2014-02-20,571.04
2014-02-21,570.57
2014-02-22,572.5733333333334
2014-02-23,574.5766666666667
2014-02-24,576.58
2014-02-25,586.2
2014-02-26,589.81
2014-02-27,584.79
2014-02-28,586.48
2014-03-01,582.1133333333333
2014-03-02,577.7466666666667
2014-03-03,573.38
2014-03-04,569.97
2014-03-05,574.94
2014-03-06,578.56
2014-03-07,579.75
2014-03-08,581.0633333333334
2014-03-09,582.3766666666667
2014-03-10,583.69
2014-03-11,588.5
2014-03-12,590.02
2014-03-13,595.22
2014-03-14,596.83
2014-03-15,598.0066666666667
2014-03-16,599.1833333333334
2014-03-17,600.36
2014-03-18,599.85
2014-03-19,605.59
2014-03-20,600.26
2014-03-21,601.75
2014-03-22,603.6833333333333
2014-03-23,605.6166666666667
2014-03-24,607.55
2014-03-25,601.85
2014-03-26,588.06
2014-03-27,590.14
2014-03-28,594.29
2014-03-29,593.3833333333333
2014-03-30,592.4766666666667
2014-03-31,591.57
2014-04-01,583.85
2014-04-02,581.67
2014-04-03,589.44
2014-04-04,593.04
2014-04-05,595.55
2014-04-06,598.0600000000001
2014-04-07,600.57
2014-04-08,603.25
2014-04-09,602.29
2014-04-10,601.33
2014-04-11,600.57
2014-04-12,599.0833333333334
2014-04-13,597.5966666666667
2014-04-14,596.11
2014-04-15,586.09
2014-04-16,574.29
2014-04-17,580.31
2014-04-18,565.33
2014-04-19,562.9333333333334
2014-04-20,560.5366666666666
2014-04-21,558.14
2014-04-22,569.87
2014-04-23,569.36
2014-04-24,570.46
2014-04-25,578.92
2014-04-26,576.98
2014-04-27,575.04
2014-04-28,573.1
2014-04-29,578.0
2014-04-30,575.8083333333334
2014-05-01,573.6166666666667
2014-05-02,571.425
2014-05-03,569.2333333333333
2014-05-04,567.0416666666667
2014-05-05,564.85
2014-05-06,555.11
2014-05-07,559.97
2014-05-08,527.09
2014-05-09,542.46
2014-05-10,533.99
2014-05-11,525.52
2014-05-12,517.05
2014-05-13,513.91
2014-05-14,529.53
2014-05-15,524.05
2014-05-16,529.49
2014-05-17,530.6733333333333
2014-05-18,531.8566666666667
2014-05-19,533.04
2014-05-20,537.52
2014-05-21,543.88
2014-05-22,541.73
2014-05-23,541.49
2014-05-24,542.3466666666667
2014-05-25,543.2033333333333
2014-05-26,544.06
2014-05-27,552.75
2014-05-28,557.34
2014-05-29,558.45
2014-05-30,562.02
2014-05-31,560.28
2014-06-01,558.54
2014-06-02,556.8
2014-06-03,558.76
2014-06-04,553.46
2014-06-05,551.1
2014-06-06,559.04
2014-06-07,561.23
2014-06-08,563.42
2014-06-09,565.61
2014-06-10,566.89
2014-06-11,570.36
2014-06-12,573.77
2014-06-13,574.48
2014-06-14,573.7766666666666
2014-06-15,573.0733333333334
2014-06-16,572.37
2014-06-17,572.25
2014-06-18,570.03
2014-06-19,567.35
2014-06-20,560.78
2014-06-21,562.4933333333333
2014-06-22,564.2066666666666
2014-06-23,565.92
2014-06-24,569.74
2014-06-25,572.27
2014-06-26,576.4
2014-06-27,578.82
2014-06-28,578.59
2014-06-29,578.36
2014-06-30,578.13
2014-07-01,578.07
2014-07-02,578.8
2014-07-03,585.02
2014-07-04,589.35
2014-07-05,589.7966666666667
2014-07-06,590.2433333333333
2014-07-07,590.69
2014-07-08,591.47
2014-07-09,591.6
2014-07-10,584.88
2014-07-11,582.77
2014-07-12,583.9233333333333
2014-07-13,585.0766666666667
2014-07-14,586.23
2014-07-15,589.31
2014-07-16,589.68
2014-07-17,590.37
2014-07-18,596.26
2014-07-19,597.8533333333334
2014-07-20,599.4466666666666
2014-07-21,601.04
2014-07-22,597.98
2014-07-23,597.5
2014-07-24,602.06
2014-07-25,600.14
2014-07-26,596.5766666666667
2014-07-27,593.0133333333333
2014-07-28,589.45
2014-07-29,592.24
2014-07-30,589.33
2014-07-31,596.07
2014-08-01,593.9
2014-08-02,595.6133333333333
2014-08-03,597.3266666666666
2014-08-04,599.04
2014-08-05,607.73
2014-08-06,606.7
2014-08-07,607.62
2014-08-08,605.43
2014-08-09,604.3299999999999
2014-08-10,603.23
2014-08-11,602.13
2014-08-12,601.78
2014-08-13,602.76
2014-08-14,605.25
2014-08-15,604.24
2014-08-16,604.52
2014-08-17,604.8000000000001
2014-08-18,605.08
2014-08-19,604.64
2014-08-20,606.7
2014-08-21,612.94
2014-08-22,620.14
2014-08-23,622.0533333333333
2014-08-24,623.9666666666667
2014-08-25,625.88
2014-08-26,629.06
2014-08-27,628.77
2014-08-28,632.03
2014-08-29,636.65
2014-08-30,637.47
2014-08-31,638.29
2014-09-01,639.11
2014-09-02,639.93
2014-09-03,640.75
2014-09-04,640.22
2014-09-05,638.65
2014-09-06,639.05
2014-09-07,639.45
2014-09-08,639.85
2014-09-09,626.92
2014-09-10,628.8
2014-09-11,628.99
2014-09-12,632.5
2014-09-13,631.78
2014-09-14,631.0600000000001
2014-09-15,630.34
2014-09-16,627.66
2014-09-17,625.66
2014-09-18,615.8
2014-09-19,613.29
2014-09-20,612.8366666666666
2014-09-21,612.3833333333333
2014-09-22,611.93
2014-09-23,610.39
2014-09-24,603.59
2014-09-25,605.1
2014-09-26,604.98
2014-09-27,603.2466666666667
2014-09-28,601.5133333333333
2014-09-29,599.78
2014-09-30,598.8
2014-10-01,609.27
2014-10-02,612.66
2014-10-03,611.55
2014-10-04,612.5066666666667
2014-10-05,613.4633333333333
2014-10-06,614.42
2014-10-07,614.08
2014-10-08,617.26
2014-10-09,624.34
2014-10-10,617.72
2014-10-11,616.5533333333334
2014-10-12,615.3866666666667
2014-10-13,614.22
2014-10-14,605.79
2014-10-15,604.29
2014-10-16,587.17
2014-10-17,585.28
2014-10-18,586.6
2014-10-19,587.92
2014-10-20,589.24
2014-10-21,600.55
2014-10-22,601.59
2014-10-23,593.53
2014-10-24,591.51
2014-10-25,587.9399999999999
2014-10-26,584.37
2014-10-27,580.8
2014-10-28,583.13
2014-10-29,591.2
2014-10-30,589.14
2014-10-31,600.84
2014-11-01,601.61
2014-11-02,602.38
2014-11-03,603.15
2014-11-04,598.39
2014-11-05,597.01
2014-11-06,597.85
2014-11-07,602.59
2014-11-08,602.4333333333334
2014-11-09,602.2766666666666
2014-11-10,602.12
2014-11-11,604.23
2014-11-12,604.01
2014-11-13,603.16
2014-11-14,600.36
2014-11-15,600.55
2014-11-16,600.74
2014-11-17,600.93
2014-11-18,594.25
2014-11-19,588.35
2014-11-20,593.32
2014-11-21,588.03
2014-11-22,586.1966666666666
2014-11-23,584.3633333333333
2014-11-24,582.53
2014-11-25,585.91
2014-11-26,576.04
2014-11-27,572.89
2014-11-28,566.58
2014-11-29,567.0566666666667
2014-11-30,567.5333333333333
2014-12-01,568.01
2014-12-02,569.43
2014-12-03,574.88
2014-12-04,578.38
2014-12-05,578.76
2014-12-06,576.4
2014-12-07,574.04
2014-12-08,571.68
2014-12-09,555.31
2014-12-10,557.19
2014-12-11,550.11
2014-12-12,553.93
2014-12-13,551.93
2014-12-14,549.93
2014-12-15,547.93
2014-12-16,535.14
2014-12-17,518.22
2014-12-18,528.45
2014-12-19,523.09
2014-12-20,527.9066666666666
2014-12-21,532.7233333333334
2014-12-22,537.54
2014-12-23,537.88
2014-12-24,539.44
2014-12-25,532.01
2014-12-26,533.37
2014-12-27,533.14
2014-12-28,532.91
2014-12-29,532.68
2014-12-30,537.57
2014-12-31,545.63
2015-01-01,545.394
2015-01-02,545.158
2015-01-03,544.922
2015-01-04,544.686
2015-01-05,544.45
2015-01-06,549.66
2015-01-07,552.05
2015-01-08,553.47
2015-01-09,569.73
2015-01-10,571.26
2015-01-11,572.7900000000001
2015-01-12,574.32
2015-01-13,580.6
2015-01-14,577.01
2015-01-15,577.74
2015-01-16,574.81
2015-01-17,573.7099999999999
2015-01-18,572.61
2015-01-19,571.51
2015-01-20,572.22
2015-01-21,569.12
2015-01-22,574.54
2015-01-23,582.38
2015-01-24,581.8
2015-01-25,581.22
2015-01-26,580.64
2015-01-27,579.3
2015-01-28,583.76
2015-01-29,583.28
2015-01-30,576.07
2015-01-31,574.1700000000001
2015-02-01,572.27
2015-02-02,570.37
2015-02-03,557.47
2015-02-04,561.45
2015-02-05,567.17
2015-02-06,574.13
2015-02-07,573.9366666666666
2015-02-08,573.7433333333333
2015-02-09,573.55
2015-02-10,574.52
2015-02-11,581.76
2015-02-12,584.67
2015-02-13,587.24
2015-02-14,588.1227272727273
2015-02-15,589.0054545454545
2015-02-16,589.8881818181818
2015-02-17,590.7709090909091
2015-02-18,591.6536363636363
2015-02-19,592.5363636363637
2015-02-20,593.419090909091
2015-02-21,594.3018181818182
2015-02-22,595.1845454545455
2015-02-23,596.0672727272728
2015-02-24,596.95
2015-02-25,592.66
2015-02-26,596.72
2015-02-27,592.57
2015-02-28,591.9566666666667
2015-03-01,591.3433333333334
2015-03-02,590.73
2015-03-03,596.72
2015-03-04,600.39
2015-03-05,596.91
2015-03-06,593.97
2015-03-07,592.1266666666667
2015-03-08,590.2833333333334
2015-03-09,588.44
2015-03-10,589.66
2015-03-11,586.54
2015-03-12,588.53
2015-03-13,586.1
2015-03-14,584.3333333333334
2015-03-15,582.5666666666666
2015-03-16,580.8
2015-03-17,581.76
2015-03-18,578.68
2015-03-19,573.74
2015-03-20,575.44
2015-03-21,573.9233333333334
2015-03-22,572.4066666666666
2015-03-23,570.89
2015-03-24,567.43
2015-03-25,560.93
2015-03-26,556.16
2015-03-27,551.42
2015-03-28,549.3433333333334
2015-03-29,547.2666666666667
2015-03-30,545.19
2015-03-31,551.13
2015-04-01,538.91
2015-04-02,546.85
2015-04-03,547.85
2015-04-04,546.2233333333334
2015-04-05,544.5966666666667
2015-04-06,542.97
2015-04-07,548.11
2015-04-08,547.72
2015-04-09,550.52
2015-04-10,554.03
2015-04-11,555.8666666666667
2015-04-12,557.7033333333333
2015-04-13,559.54
2015-04-14,558.67
2015-04-15,564.5
2015-04-16,568.28
2015-04-17,568.32
2015-04-18,567.2266666666667
2015-04-19,566.1333333333333
2015-04-20,565.04
2015-04-21,562.24
2015-04-22,562.51
2015-04-23,561.25
2015-04-24,565.77
2015-04-25,564.6466666666666
2015-04-26,563.5233333333333
2015-04-27,562.4
2015-04-28,559.9257142857143
2015-04-29,557.4514285714286
2015-04-30,554.9771428571429
2015-05-01,552.5028571428571
2015-05-02,550.0285714285715
2015-05-03,547.5542857142857
2015-05-04,545.08
2015-05-05,552.65
2015-05-06,549.3
2015-05-07,552.98
2015-05-08,554.51
2015-05-09,553.5633333333333
2015-05-10,552.6166666666667
2015-05-11,551.67
2015-05-12,544.41
2015-05-13,542.82
2015-05-14,543.69
2015-05-15,537.44
2015-05-16,534.61
2015-05-17,531.7800000000001
2015-05-18,528.95
2015-05-19,536.82
2015-05-20,550.1
2015-05-21,552.56
2015-05-22,561.82
2015-05-23,562.2133333333334
2015-05-24,562.6066666666667
2015-05-25,563.0
2015-05-26,567.2
2015-05-27,566.48
2015-05-28,572.97
2015-05-29,569.56
2015-05-30,571.3666666666667
2015-05-31,573.1733333333333
2015-06-01,574.98
2015-06-02,570.31
2015-06-03,567.9
2015-06-04,568.99
2015-06-05,578.07
2015-06-06,578.6566666666668
2015-06-07,579.2433333333333
2015-06-08,579.83
2015-06-09,574.47
2015-06-10,574.1
2015-06-11,581.05
2015-06-12,582.73
2015-06-13,583.98
2015-06-14,585.23
2015-06-15,586.48
2015-06-16,580.35
2015-06-17,578.87
2015-06-18,580.35
2015-06-19,584.7
2015-06-20,587.8266666666667
2015-06-21,590.9533333333334
2015-06-22,594.08
2015-06-23,593.07
2015-06-24,590.02
2015-06-25,587.99
2015-06-26,581.75
2015-06-27,585.0833333333334
2015-06-28,588.4166666666666
2015-06-29,591.75
2015-06-30,593.05
2015-07-01,591.5
2015-07-02,605.7
2015-07-03,616.43
2015-07-04,619.36
2015-07-05,622.29
2015-07-06,625.22
2015-07-07,630.27
2015-07-08,623.17
2015-07-09,622.1
2015-07-10,627.28
2015-07-11,629.54
2015-07-12,631.8
2015-07-13,634.06
2015-07-14,638.69
2015-07-15,630.89
2015-07-16,626.9
2015-07-17,628.63
2015-07-18,625.9333333333333
2015-07-19,623.2366666666667
2015-07-20,620.54
2015-07-21,616.61
2015-07-22,629.85
2015-07-23,632.01
2015-07-24,631.26
2015-07-25,632.66
2015-07-26,634.0600000000001
2015-07-27,635.46
2015-07-28,631.47
2015-07-29,624.7
2015-07-30,626.57
2015-07-31,621.06
2015-08-01,617.1966666666666
2015-08-02,613.3333333333334
2015-08-03,609.47
2015-08-04,600.76
2015-08-05,607.08
2015-08-06,601.04
2015-08-07,603.76
2015-08-08,607.35
2015-08-09,610.9399999999999
2015-08-10,614.53
2015-08-11,613.05
2015-08-12,604.24
2015-08-13,594.26
2015-08-14,589.03
2015-08-15,583.7366666666667
2015-08-16,578.4433333333333
2015-08-17,573.15
2015-08-18,580.22
2015-08-19,577.82
2015-08-20,566.69
2015-08-21,556.3
2015-08-22,546.51
2015-08-23,536.7199999999999
2015-08-24,526.93
2015-08-25,529.98
2015-08-26,545.89
2015-08-27,555.81
2015-08-28,570.87
2015-08-29,568.83
2015-08-30,566.79
2015-08-31,564.75
2015-09-01,562.31
2015-09-02,558.305
2015-09-03,554.3
2015-09-04,556.81
2015-09-05,556.1833333333333
2015-09-06,555.5566666666666
2015-09-07,554.93
2015-09-08,566.72
2015-09-09,572.34
2015-09-10,572.07
2015-09-11,566.74
2015-09-12,565.2166666666667
2015-09-13,563.6933333333333
2015-09-14,562.17
2015-09-15,563.27
2015-09-16,564.13
2015-09-17,562.48
2015-09-18,566.25
2015-09-19,568.2066666666667
2015-09-20,570.1633333333333
2015-09-21,572.12
2015-09-22,573.2
2015-09-23,572.72
2015-09-24,570.25
2015-09-25,570.38
2015-09-26,568.5466666666666
2015-09-27,566.7133333333334
2015-09-28,564.88
2015-09-29,561.19
2015-09-30,562.64
2015-10-01,563.54
2015-10-02,562.31
2015-10-03,564.8733333333333
2015-10-04,567.4366666666666
2015-10-05,570.0
2015-10-06,581.29
2015-10-07,579.57
2015-10-08,586.78
2015-10-09,588.02
2015-10-10,589.38
2015-10-11,590.74
2015-10-12,592.1
2015-10-13,590.84
2015-10-14,589.98
2015-10-15,592.4
2015-10-16,593.02
2015-10-17,593.55
2015-10-18,594.08
2015-10-19,594.61
2015-10-20,590.45
2015-10-21,590.24
2015-10-22,595.08
2015-10-23,601.74
2015-10-24,600.6966666666667
2015-10-25,599.6533333333333
2015-10-26,598.61
2015-10-27,598.44
2015-10-28,596.24
2015-10-29,605.2
2015-10-30,607.37
2015-10-31,605.8333333333334
2015-11-01,604.2966666666666
2015-11-02,602.76
2015-11-03,611.71
2015-11-04,610.6
2015-11-05,615.18
2015-11-06,612.36
2015-11-07,611.7933333333333
2015-11-08,611.2266666666667
2015-11-09,610.66
2015-11-10,605.27
2015-11-11,603.53
2015-11-12,605.58
2015-11-13,611.27
2015-11-14,610.5833333333334
2015-11-15,609.8966666666666
2015-11-16,609.21
2015-11-17,605.05
2015-11-18,603.34
2015-11-19,601.9
2015-11-20,604.46
2015-11-21,602.97
2015-11-22,601.48
2015-11-23,599.99
2015-11-24,593.83
2015-11-25,595.7
2015-11-26,590.4
2015-11-27,582.86
2015-11-28,579.64
2015-11-29,576.4200000000001
2015-11-30,573.2
2015-12-01,570.41
2015-12-02,574.42
2015-12-03,574.38
2015-12-04,571.62
2015-12-05,568.9533333333334
2015-12-06,566.2866666666666
2015-12-07,563.62
2015-12-08,574.15
2015-12-09,565.2
2015-12-10,561.04
2015-12-11,563.43
2015-12-12,563.0266666666666
2015-12-13,562.6233333333333
2015-12-14,562.22
2015-12-15,568.0
2015-12-16,572.55
2015-12-17,577.11
2015-12-18,568.18
2015-12-19,567.7533333333333
2015-12-20,567.3266666666666
2015-12-21,566.9
2015-12-22,566.35
2015-12-23,564.27
2015-12-24,566.17
2015-12-25,567.67
2015-12-26,568.4133333333333
2015-12-27,569.1566666666666
2015-12-28,569.9
2015-12-29,576.29
2015-12-30,579.45
2015-12-31,579.03
2016-01-01,577.875
2016-01-02,576.72
2016-01-03,575.5649999999999
2016-01-04,574.41
2016-01-05,569.94
2016-01-06,574.57
2016-01-07,565.36
2016-01-08,560.05
2016-01-09,559.3233333333333
2016-01-10,558.5966666666667
2016-01-11,557.87
2016-01-12,564.26
2016-01-13,560.37
2016-01-14,553.03
2016-01-15,543.04
2016-01-16,537.4833333333333
2016-01-17,531.9266666666666
2016-01-18,526.37
2016-01-19,535.77
2016-01-20,529.44
2016-01-21,521.88
2016-01-22,522.24
2016-01-23,528.9433333333334
2016-01-24,535.6466666666666
2016-01-25,542.35
2016-01-26,537.73
2016-01-27,542.69
2016-01-28,539.47
2016-01-29,545.25
2016-01-30,543.6866666666666
2016-01-31,542.1233333333333
2016-02-01,540.56
2016-02-02,536.45
2016-02-03,539.07
2016-02-04,542.15
2016-02-05,544.75
2016-02-06,544.654
2016-02-07,544.558
2016-02-08,544.462
2016-02-09,544.366
2016-02-10,544.27
2016-02-11,544.174
2016-02-12,544.078
2016-02-13,543.982
2016-02-14,543.886
2016-02-15,543.79
2016-02-16,548.05
2016-02-17,547.05
2016-02-18,552.49
2016-02-19,554.03
2016-02-20,556.2566666666667
2016-02-21,558.4833333333333
2016-02-22,560.71
2016-02-23,561.28
2016-02-24,568.04
2016-02-25,562.82
2016-02-26,566.11
2016-02-27,563.8633333333333
2016-02-28,561.6166666666667
2016-02-29,559.37
2016-03-01,561.56
2016-03-02,570.18
2016-03-03,570.39
2016-03-04,573.65
2016-03-05,574.5
2016-03-06,575.35
2016-03-07,576.2
2016-03-08,574.71
2016-03-09,571.71
2016-03-10,575.91
2016-03-11,577.26
2016-03-12,577.5
2016-03-13,577.74
2016-03-14,577.98
2016-03-15,574.04
2016-03-16,577.07
2016-03-17,579.26
2016-03-18,575.82
2016-03-19,574.6366666666667
2016-03-20,573.4533333333334
2016-03-21,572.27
2016-03-22,570.91
2016-03-23,574.71
2016-03-24,570.66
2016-03-25,572.08
2016-03-26,573.2933333333334
2016-03-27,574.5066666666667
2016-03-28,575.72
2016-03-29,568.28
2016-03-30,569.91
2016-03-31,561.22
2016-04-01,558.43
2016-04-02,557.56
2016-04-03,556.69
2016-04-04,555.82
2016-04-05,560.32
2016-04-06,567.79
2016-04-07,571.6
2016-04-08,572.34
2016-04-09,574.65
2016-04-10,576.96
2016-04-11,579.27
2016-04-12,579.84
2016-04-13,578.02
2016-04-14,579.49
2016-04-15,579.86
2016-04-16,576.965
2016-04-17,574.0699999999999
2016-04-18,571.175
2016-04-19,568.28
2016-04-20,568.03
2016-04-21,575.73
2016-04-22,592.48
2016-04-23,592.1800000000001
2016-04-24,591.88
2016-04-25,591.58
2016-04-26,598.48
2016-04-27,593.96
2016-04-28,591.67
2016-04-29,598.37
2016-04-30,598.51
2016-05-01,598.65
2016-05-02,598.7900000000001
2016-05-03,598.9300000000001
2016-05-04,599.07
2016-05-05,601.51
2016-05-06,606.52
2016-05-07,605.63
2016-05-08,604.74
2016-05-09,603.85
2016-05-10,605.05
2016-05-11,614.06
2016-05-12,612.12
2016-05-13,610.82
2016-05-14,612.4733333333334
2016-05-15,614.1266666666667
2016-05-16,615.78
2016-05-17,624.75
2016-05-18,622.45
2016-05-19,619.2
2016-05-20,614.81
2016-05-21,613.55
2016-05-22,612.29
2016-05-23,611.03
2016-05-24,611.62
2016-05-25,611.89
2016-05-26,604.34
2016-05-27,608.11
2016-05-28,610.24
2016-05-29,612.37
2016-05-30,614.5
2016-05-31,618.44
2016-06-01,619.86
2016-06-02,623.37
2016-06-03,621.88
2016-06-04,621.27
2016-06-05,620.66
2016-06-06,620.05
2016-06-07,624.65
2016-06-08,627.87
2016-06-09,631.26
2016-06-10,629.84
2016-06-11,627.7533333333333
2016-06-12,625.6666666666667
2016-06-13,623.58
2016-06-14,625.43
2016-06-15,627.02
2016-06-16,625.11
2016-06-17,619.25
2016-06-18,621.6533333333333
2016-06-19,624.0566666666667
2016-06-20,626.46
2016-06-21,628.0
2016-06-22,626.41
2016-06-23,632.27
2016-06-24,620.77
2016-06-25,620.9366666666666
2016-06-26,621.1033333333334
2016-06-27,621.27
2016-06-28,622.2
2016-06-29,630.12
2016-06-30,632.26
2016-07-01,640.3
2016-07-02,642.8533333333334
2016-07-03,645.4066666666666
2016-07-04,647.96
2016-07-05,650.88
2016-07-06,649.46
2016-07-07,661.12
2016-07-08,658.68
2016-07-09,656.54
2016-07-10,654.4
2016-07-11,652.26
2016-07-12,658.9
2016-07-13,675.12
2016-07-14,666.69
2016-07-15,664.56
2016-07-16,667.54
2016-07-17,670.52
2016-07-18,673.5
2016-07-19,667.76
2016-07-20,660.26
2016-07-21,659.57
2016-07-22,649.87
2016-07-23,649.68
2016-07-24,649.49
2016-07-25,649.3
2016-07-26,648.59
2016-07-27,656.11
2016-07-28,657.14
2016-07-29,652.23
2016-07-30,650.9466666666667
2016-07-31,649.6633333333333
2016-08-01,648.38
2016-08-02,636.05
2016-08-03,631.61
2016-08-04,631.94
2016-08-05,627.39
2016-08-06,628.08
2016-08-07,628.77
2016-08-08,629.46
2016-08-09,637.34
2016-08-10,648.33
2016-08-11,660.24
2016-08-12,655.71
2016-08-13,656.9633333333334
2016-08-14,658.2166666666667
2016-08-15,659.47
2016-08-16,658.11
2016-08-17,660.51
2016-08-18,660.65
2016-08-19,662.28
2016-08-20,660.7466666666667
2016-08-21,659.2133333333333
2016-08-22,657.68
2016-08-23,659.16
2016-08-24,660.77
2016-08-25,658.5
2016-08-26,667.75
2016-08-27,668.3133333333334
2016-08-28,668.8766666666667
2016-08-29,669.44
2016-08-30,672.67
2016-08-31,674.63
2016-09-01,669.19
2016-09-02,668.03
2016-09-03,666.87
2016-09-04,665.71
2016-09-05,664.55
2016-09-06,663.9
2016-09-07,661.28
2016-09-08,666.07
2016-09-09,666.88
2016-09-10,664.5066666666667
2016-09-11,662.1333333333333
2016-09-12,659.76
2016-09-13,659.72
2016-09-14,656.64
2016-09-15,656.18
2016-09-16,651.31
2016-09-17,653.5033333333333
2016-09-18,655.6966666666666
2016-09-19,657.89
2016-09-20,663.37
2016-09-21,668.48
2016-09-22,671.38
2016-09-23,674.09
2016-09-24,675.0733333333334
2016-09-25,676.0566666666666
2016-09-26,677.04
2016-09-27,684.89
2016-09-28,686.72
2016-09-29,688.55
2016-09-30,685.73
2016-10-01,684.8366666666667
2016-10-02,683.9433333333333
2016-10-03,683.05
2016-10-04,684.2
2016-10-05,687.04
2016-10-06,687.32
2016-10-07,683.95
2016-10-08,680.6966666666667
2016-10-09,677.4433333333334
2016-10-10,674.19
2016-10-11,682.36
2016-10-12,682.45
2016-10-13,685.23
2016-10-14,687.0
2016-10-15,684.9833333333333
2016-10-16,682.9666666666667
2016-10-17,680.95
2016-10-18,682.02
2016-10-19,688.89
2016-10-20,686.39
2016-10-21,684.83
2016-10-22,682.5600000000001
2016-10-23,680.29
2016-10-24,678.02
2016-10-25,676.18
2016-10-26,673.61
2016-10-27,676.9
2016-10-28,682.25
2016-10-29,680.1
2016-10-30,677.9499999999999
2016-10-31,675.8
2016-11-01,676.6
2016-11-02,671.4
2016-11-03,667.63
2016-11-04,666.73
2016-11-05,669.2
2016-11-06,671.67
2016-11-07,674.14
2016-11-08,676.46
2016-11-09,670.26
2016-11-10,678.17
2016-11-11,679.2
2016-11-12,677.15
2016-11-13,675.1
2016-11-14,673.05
2016-11-15,674.26
2016-11-16,674.6
2016-11-17,674.57
2016-11-18,673.25
2016-11-19,673.5966666666667
2016-11-20,673.9433333333333
2016-11-21,674.29
2016-11-22,681.91
2016-11-23,683.16
2016-11-24,678.18
2016-11-25,675.87
2016-11-26,672.3433333333334
2016-11-27,668.8166666666666
2016-11-28,665.29
2016-11-29,658.26
2016-11-30,665.07
2016-12-01,666.54
2016-12-02,665.14
2016-12-03,663.4966666666667
2016-12-04,661.8533333333334
2016-12-05,660.21
2016-12-06,651.49
2016-12-07,653.53
2016-12-08,658.89
2016-12-09,663.07
2016-12-10,661.9466666666667
2016-12-11,660.8233333333334
2016-12-12,659.7
2016-12-13,654.66
2016-12-14,665.14
2016-12-15,665.92
2016-12-16,675.16
2016-12-17,674.8833333333333
2016-12-18,674.6066666666667
2016-12-19,674.33
2016-12-20,662.66
2016-12-21,666.94
2016-12-22,664.15
2016-12-23,664.37
2016-12-24,663.73
2016-12-25,663.09
2016-12-26,662.45
2016-12-27,663.86
2016-12-28,663.5
2016-12-29,664.72
2016-12-30,664.87
2016-12-31,666.655
2017-01-01,668.44
2017-01-02,670.225
2017-01-03,672.01
2017-01-04,674.7
2017-01-05,675.81
2017-01-06,679.8
2017-01-07,680.7233333333334
2017-01-08,681.6466666666666
2017-01-09,682.57
2017-01-10,681.07
2017-01-11,687.16
2017-01-12,686.96
2017-01-13,685.06
2017-01-14,682.6866666666666
2017-01-15,680.3133333333334
2017-01-16,677.94
2017-01-17,684.71
2017-01-18,683.28
2017-01-19,682.31
2017-01-20,686.26
2017-01-21,686.5566666666666
2017-01-22,686.8533333333334
2017-01-23,687.15
2017-01-24,691.36
2017-01-25,697.28
2017-01-26,698.0174999999999
2017-01-27,698.755
2017-01-28,699.4925
2017-01-29,700.23
2017-01-30,700.9675
2017-01-31,701.7049999999999
2017-02-01,702.4425
2017-02-02,703.18
2017-02-03,700.35
2017-02-04,700.2466666666667
2017-02-05,700.1433333333333
2017-02-06,700.04
2017-02-07,701.91
2017-02-08,702.04
2017-02-09,700.65
2017-02-10,703.78
2017-02-11,704.4866666666667
2017-02-12,705.1933333333333
2017-02-13,705.9
2017-02-14,706.26
2017-02-15,711.57
2017-02-16,709.35
2017-02-17,707.83
2017-02-18,708.75
2017-02-19,709.6700000000001
2017-02-20,710.59
2017-02-21,716.55
2017-02-22,717.24
2017-02-23,716.87
2017-02-24,714.47
2017-02-25,715.46
2017-02-26,716.45
2017-02-27,717.44
2017-02-28,710.79
2017-03-01,709.52
2017-03-02,707.51
2017-03-03,712.62
2017-03-04,713.8433333333334
2017-03-05,715.0666666666666
2017-03-06,716.29
2017-03-07,716.54
2017-03-08,716.6
2017-03-09,715.8
2017-03-10,712.21
2017-03-11,711.53
2017-03-12,710.85
2017-03-13,710.17
2017-03-14,714.71
2017-03-15,713.14
2017-03-16,714.92
2017-03-17,710.54
2017-03-18,712.05
2017-03-19,713.5600000000001
2017-03-20,715.07
2017-03-21,716.18
2017-03-22,712.94
2017-03-23,719.56
2017-03-24,722.14
2017-03-25,722.6
2017-03-26,723.06
2017-03-27,723.52
2017-03-28,719.26
2017-03-29,720.47
2017-03-30,723.86
2017-03-31,722.31
2017-04-01,722.3333333333333
2017-04-02,722.3566666666667
2017-04-03,722.38
2017-04-04,724.14
2017-04-05,723.22
2017-04-06,725.585
2017-04-07,727.95
2017-04-08,728.59
2017-04-09,729.23
2017-04-10,729.87
2017-04-11,731.33
2017-04-12,725.58
2017-04-13,724.35
2017-04-14,718.45
2017-04-15,715.9100000000001
2017-04-16,713.37
2017-04-17,710.83
2017-04-18,714.93
2017-04-19,716.77
2017-04-20,712.66
2017-04-21,712.41
2017-04-22,711.4033333333333
2017-04-23,710.3966666666666
2017-04-24,709.39
2017-04-25,707.58
2017-04-26,710.04
2017-04-27,716.53
2017-04-28,717.73
2017-04-29,718.092
2017-04-30,718.454
2017-05-01,718.816
2017-05-02,719.178
2017-05-03,719.54
2017-05-04,722.02
2017-05-05,720.0
2017-05-06,719.62
2017-05-07,719.24
2017-05-08,718.86
2017-05-09,722.11
2017-05-10,724.31
2017-05-11,724.99
2017-05-12,725.37
2017-05-13,725.3633333333333
2017-05-14,725.3566666666667
2017-05-15,725.35
2017-05-16,725.03
2017-05-17,727.2
2017-05-18,726.99
2017-05-19,733.82
2017-05-20,737.2466666666667
2017-05-21,740.6733333333334
2017-05-22,744.1
2017-05-23,740.93
2017-05-24,742.74
2017-05-25,741.91
2017-05-26,743.41
2017-05-27,744.3566666666667
2017-05-28,745.3033333333333
2017-05-29,746.25
2017-05-30,738.21
2017-05-31,737.82
2017-06-01,741.8
2017-06-02,738.81
2017-06-03,740.37
2017-06-04,741.93
2017-06-05,743.49
2017-06-06,751.31
2017-06-07,753.46
2017-06-08,750.13
2017-06-09,749.72
2017-06-10,750.1766666666667
2017-06-11,750.6333333333333
2017-06-12,751.09
2017-06-13,756.89
2017-06-14,760.77
2017-06-15,760.57
2017-06-16,761.24
2017-06-17,763.1033333333334
2017-06-18,764.9666666666667
2017-06-19,766.83
2017-06-20,767.99
2017-06-21,767.41
2017-06-22,766.3
2017-06-23,769.01
2017-06-24,770.18
2017-06-25,771.35
2017-06-26,772.52
2017-06-27,767.51
2017-06-28,769.04
2017-06-29,771.75
2017-06-30,776.47
2017-07-01,777.2733333333333
2017-07-02,778.0766666666667
2017-07-03,778.88
2017-07-04,775.54
2017-07-05,778.32
2017-07-06,782.65
2017-07-07,775.73
2017-07-08,772.6733333333333
2017-07-09,769.6166666666667
2017-07-10,766.56
2017-07-11,769.36
2017-07-12,774.17
2017-07-13,778.3
2017-07-14,777.6
2017-07-15,774.7033333333334
2017-07-16,771.8066666666666
2017-07-17,768.91
2017-07-18,767.49
2017-07-19,771.3
2017-07-20,768.41
2017-07-21,761.86
2017-07-22,761.1533333333333
2017-07-23,760.4466666666667
2017-07-24,759.74
2017-07-25,767.27
2017-07-26,773.88
2017-07-27,771.5
2017-07-28,777.09
2017-07-29,779.2433333333333
2017-07-30,781.3966666666666
2017-07-31,783.55
2017-08-01,786.81
2017-08-02,786.23
2017-08-03,788.49
2017-08-04,788.68
2017-08-05,790.1133333333333
2017-08-06,791.5466666666666
2017-08-07,792.98
2017-08-08,791.57
2017-08-09,773.66
2017-08-10,773.43
2017-08-11,772.08
2017-08-12,773.4433333333334
2017-08-13,774.8066666666666
2017-08-14,776.17
2017-08-15,771.06
2017-08-16,773.57
2017-08-17,767.59
2017-08-18,768.97
2017-08-19,768.91
2017-08-20,768.85
2017-08-21,768.79
2017-08-22,761.26
2017-08-23,765.98
2017-08-24,769.77
2017-08-25,771.63
2017-08-26,773.5066666666667
2017-08-27,775.3833333333333
2017-08-28,777.26
2017-08-29,774.03
2017-08-30,778.65
2017-08-31,782.76
2017-09-01,788.73
2017-09-02,789.625
2017-09-03,790.52
2017-09-04,791.415
2017-09-05,792.31
2017-09-06,793.55
2017-09-07,796.72
2017-09-08,801.2
2017-09-09,799.9566666666667
2017-09-10,798.7133333333334
2017-09-11,797.47
2017-09-12,799.94
2017-09-13,802.78
2017-09-14,806.32
2017-09-15,805.82
2017-09-16,806.5033333333333
2017-09-17,807.1866666666667
2017-09-18,807.87
2017-09-19,805.93
2017-09-20,805.86
2017-09-21,803.93
2017-09-22,807.13
2017-09-23,806.6133333333333
2017-09-24,806.0966666666667
2017-09-25,805.58
2017-09-26,805.35
2017-09-27,803.77
2017-09-28,804.82
2017-09-29,804.42
2017-09-30,803.6899999999999
2017-10-01,802.96
2017-10-02,802.23
2017-10-03,798.0
2017-10-04,805.66
2017-10-05,805.23
2017-10-06,807.8
2017-10-07,808.1866666666666
2017-10-08,808.5733333333334
2017-10-09,808.96
2017-10-10,810.65
2017-10-11,813.95
2017-10-12,815.87
2017-10-13,820.95
2017-10-14,820.4433333333334
2017-10-15,819.9366666666666
2017-10-16,819.43
2017-10-17,828.29
2017-10-18,827.72
2017-10-19,828.93
2017-10-20,826.84
2017-10-21,824.5733333333334
2017-10-22,822.3066666666666
2017-10-23,820.04
2017-10-24,825.24
2017-10-25,830.69
2017-10-26,830.11
2017-10-27,840.37
2017-10-28,841.98
2017-10-29,843.59
2017-10-30,845.2
2017-10-31,837.28
2017-11-01,842.71
2017-11-02,833.09
2017-11-03,843.73
2017-11-04,845.5166666666667
2017-11-05,847.3033333333334
2017-11-06,849.09
2017-11-07,850.33
2017-11-08,859.7
2017-11-09,860.4
2017-11-10,868.21
2017-11-11,871.9200000000001
2017-11-12,875.63
2017-11-13,879.34
2017-11-14,880.9
2017-11-15,882.59
2017-11-16,892.8
2017-11-17,890.69
2017-11-18,894.9766666666667
2017-11-19,899.2633333333333
2017-11-20,903.55
2017-11-21,918.3
2017-11-22,932.66
2017-11-23,933.7
2017-11-24,935.57
2017-11-25,936.5833333333334
2017-11-26,937.5966666666667
2017-11-27,938.61
2017-11-28,941.21
2017-11-29,952.14
2017-11-30,949.93
2017-12-01,960.33
2017-12-02,963.5600000000001
2017-12-03,966.79
2017-12-04,970.02
2017-12-05,953.3
2017-12-06,947.64
2017-12-07,938.65
2017-12-08,940.16
2017-12-09,932.59
2017-12-10,925.02
2017-12-11,917.45
2017-12-12,927.25
2017-12-13,924.4
2017-12-14,935.85
2017-12-15,935.16
2017-12-16,942.7933333333333
2017-12-17,950.4266666666666
2017-12-18,958.06
2017-12-19,951.42
2017-12-20,953.51
2017-12-21,946.06
2017-12-22,952.32
2017-12-23,954.3166666666667
2017-12-24,956.3133333333333
2017-12-25,958.31
2017-12-26,965.93
2017-12-27,968.46
2017-12-28,976.72
2017-12-29,984.24
2017-12-30,987.1225
2017-12-31,990.005
2018-01-01,992.8875
2018-01-02,995.77
2018-01-03,1005.67
2018-01-04,1019.75
2018-01-05,1012.65
2018-01-06,1016.0666666666666
2018-01-07,1019.4833333333333
2018-01-08,1022.9
2018-01-09,1033.56
2018-01-10,1038.11
2018-01-11,1048.17
2018-01-12,1050.11
2018-01-13,1054.5633333333333
2018-01-14,1059.0166666666667
2018-01-15,1063.47
2018-01-16,1062.96
2018-01-17,1034.69
2018-01-18,1050.25
2018-01-19,1062.07
2018-01-20,1070.52
2018-01-21,1078.97
2018-01-22,1087.42
2018-01-23,1087.42
2018-01-24,1095.995
2018-01-25,1104.57
2018-01-26,1115.64
2018-01-27,1113.6933333333334
2018-01-28,1111.7466666666667
2018-01-29,1109.8
2018-01-30,1110.56
2018-01-31,1110.36
2018-02-01,1099.67
2018-02-02,1105.04
2018-02-03,1086.2633333333333
2018-02-04,1067.4866666666667
2018-02-05,1048.71
2018-02-06,1011.6
2018-02-07,1040.55
2018-02-08,1023.25
2018-02-09,1003.94
2018-02-10,1016.5566666666667
2018-02-11,1029.1733333333334
2018-02-12,1041.79
2018-02-13,1059.73
2018-02-14,1063.1575
2018-02-15,1066.585
2018-02-16,1070.0125
2018-02-17,1073.44
2018-02-18,1076.8675
2018-02-19,1080.295
2018-02-20,1083.7225
2018-02-21,1087.15
2018-02-22,1076.03
2018-02-23,1102.85
2018-02-24,1106.7433333333333
2018-02-25,1110.6366666666665
2018-02-26,1114.53
2018-02-27,1119.61
2018-02-28,1121.54
2018-03-01,1115.79
2018-03-02,1121.21
2018-03-03,1111.9666666666667
2018-03-04,1102.7233333333334
2018-03-05,1093.48
2018-03-06,1120.29
2018-03-07,1112.26
2018-03-08,1124.15
2018-03-09,1123.41
2018-03-10,1124.3700000000001
2018-03-11,1125.33
2018-03-12,1126.29
2018-03-13,1133.31
2018-03-14,1138.09
2018-03-15,1138.76
2018-03-16,1150.19
2018-03-17,1153.2
2018-03-18,1156.21
2018-03-19,1159.22
2018-03-20,1159.39
2018-03-21,1169.36
2018-03-22,1172.36
2018-03-23,1153.59
2018-03-24,1159.4666666666667
2018-03-25,1165.3433333333332
2018-03-26,1171.22
2018-03-27,1171.73
2018-03-28,1172.24
2018-03-29,1167.03
2018-03-30,1174.46
2018-03-31,1181.8433333333332
2018-04-01,1189.2266666666667
2018-04-02,1196.61
2018-04-03,1188.29
2018-04-04,1191.54
2018-04-05,1193.17
2018-04-06,1199.96
2018-04-07,1201.4166666666667
2018-04-08,1202.8733333333332
2018-04-09,1204.33
2018-04-10,1198.12
2018-04-11,1167.11
2018-04-12,1173.02
2018-04-13,1157.14
2018-04-14,1154.2566666666667
2018-04-15,1151.3733333333334
2018-04-16,1148.49
2018-04-17,1153.28
2018-04-18,1138.53
2018-04-19,1094.63
2018-04-20,1119.86
2018-04-21,1105.5
2018-04-22,1091.1399999999999
2018-04-23,1076.78
2018-04-24,1080.74
2018-04-25,1062.8
2018-04-26,1044.86
2018-04-27,1050.26
2018-04-28,1046.024
2018-04-29,1041.788
2018-04-30,1037.552
2018-05-01,1033.316
2018-05-02,1029.08
2018-05-03,1026.46
2018-05-04,1026.8
2018-05-05,1038.62
2018-05-06,1050.44
2018-05-07,1062.26
2018-05-08,1060.45
2018-05-09,1056.97
2018-05-10,1028.87
2018-05-11,1044.85
2018-05-12,1052.2266666666667
2018-05-13,1059.6033333333332
2018-05-14,1066.98
2018-05-15,1073.5
2018-05-16,1054.62
2018-05-17,1030.64
2018-05-18,1040.54
2018-05-19,1032.02
2018-05-20,1023.5
2018-05-21,1014.98
2018-05-22,985.91
2018-05-23,988.94
2018-05-24,985.92
2018-05-25,963.9
2018-05-26,953.1833333333333
2018-05-27,942.4666666666667
2018-05-28,931.75
2018-05-29,952.18
2018-05-30,948.5
2018-05-31,971.25
2018-06-01,992.87
2018-06-02,999.84
2018-06-03,1006.81
2018-06-04,1013.78
2018-06-05,1022.74
2018-06-06,1034.5
2018-06-07,1036.69
2018-06-08,1039.01
2018-06-09,1039.0133333333333
2018-06-10,1039.0166666666667
2018-06-11,1039.02
2018-06-12,1020.76
2018-06-13,1030.53
2018-06-14,1015.72
2018-06-15,1016.51
2018-06-16,1006.7866666666666
2018-06-17,997.0633333333334
2018-06-18,987.34
2018-06-19,962.16
2018-06-20,980.95
2018-06-21,969.4
2018-06-22,983.17
2018-06-23,985.62
2018-06-24,988.0699999999999
2018-06-25,990.52
2018-06-26,983.02
2018-06-27,968.91
2018-06-28,957.35
2018-06-29,960.78
2018-06-30,956.2366666666667
2018-07-01,951.6933333333333
2018-07-02,947.15
2018-07-03,906.01
2018-07-04,914.99
2018-07-05,899.4
2018-07-06,917.51
2018-07-07,916.7133333333334
2018-07-08,915.9166666666666
2018-07-09,915.12
2018-07-10,911.12
2018-07-11,893.16
2018-07-12,898.51
2018-07-13,909.72
2018-07-14,910.1833333333334
2018-07-15,910.6466666666666
2018-07-16,911.11
2018-07-17,921.27
2018-07-18,942.39
2018-07-19,943.97
2018-07-20,933.39
2018-07-21,934.5066666666667
2018-07-22,935.6233333333333
2018-07-23,936.74
2018-07-24,934.08
2018-07-25,927.58
2018-07-26,930.16
2018-07-27,935.52
2018-07-28,940.2566666666667
2018-07-29,944.9933333333333
2018-07-30,949.73
2018-07-31,956.39
2018-08-01,952.77
2018-08-02,953.55
2018-08-03,959.6
2018-08-04,959.8100000000001
2018-08-05,960.02
2018-08-06,960.23
2018-08-07,956.79
2018-08-08,966.27
2018-08-09,963.5
2018-08-10,968.47
2018-08-11,971.66
2018-08-12,974.85
2018-08-13,978.04
2018-08-14,978.27
2018-08-15,961.37
2018-08-16,964.28
2018-08-17,968.88
2018-08-18,969.1266666666667
2018-08-19,969.3733333333333
2018-08-20,969.62
2018-08-21,979.21
2018-08-22,982.15
2018-08-23,987.36
2018-08-24,987.05
2018-08-25,988.6733333333333
2018-08-26,990.2966666666666
2018-08-27,991.92
2018-08-28,995.19
2018-08-29,988.17
2018-08-30,998.07
2018-08-31,989.54
2018-09-01,986.14
2018-09-02,982.74
2018-09-03,979.34
2018-09-04,975.94
2018-09-05,968.44
2018-09-06,958.19
2018-09-07,968.9
2018-09-08,969.38
2018-09-09,969.86
2018-09-10,970.34
2018-09-11,985.06
2018-09-12,987.01
2018-09-13,987.95
2018-09-14,991.34
2018-09-15,990.0966666666667
2018-09-16,988.8533333333334
2018-09-17,987.61
2018-09-18,993.49
2018-09-19,995.54
2018-09-20,1004.74
2018-09-21,1002.97
2018-09-22,1005.7433333333333
2018-09-23,1008.5166666666667
2018-09-24,1011.29
2018-09-25,1010.74
2018-09-26,1009.61
2018-09-27,1015.37
2018-09-28,1017.13
2018-09-29,1015.7133333333334
2018-09-30,1014.2966666666666
2018-10-01,1012.88
2018-10-02,1018.79
2018-10-03,1020.4
2018-10-04,1023.62
2018-10-05,1008.39
2018-10-06,1004.3
2018-10-07,1000.21
2018-10-08,996.12
2018-10-09,996.19
2018-10-10,993.96
2018-10-11,945.89
2018-10-12,970.08
2018-10-13,963.9333333333334
2018-10-14,957.7866666666666
2018-10-15,951.64
2018-10-16,963.37
2018-10-17,971.6
2018-10-18,963.47
2018-10-19,958.36
2018-10-20,956.7433333333333
2018-10-21,955.1266666666667
2018-10-22,953.51
2018-10-23,939.68
2018-10-24,922.73
2018-10-25,910.17
2018-10-26,900.82
2018-10-27,896.82
2018-10-28,892.82
2018-10-29,888.82
2018-10-30,888.69
2018-10-31,914.76
2018-11-01,907.96
2018-11-02,924.86
2018-11-03,925.0833333333334
2018-11-04,925.3066666666666
2018-11-05,925.53
2018-11-06,922.05
2018-11-07,922.16
2018-11-08,926.28
2018-11-09,914.29
2018-11-10,915.5666666666666
2018-11-11,916.8433333333334
2018-11-12,918.12
2018-11-13,905.38
2018-11-14,900.93
2018-11-15,897.15
2018-11-16,898.19
2018-11-17,904.1466666666666
2018-11-18,910.1033333333334
2018-11-19,916.06
2018-11-20,919.02
2018-11-21,922.56
2018-11-22,924.42
2018-11-23,917.97
2018-11-24,918.99
2018-11-25,920.01
2018-11-26,921.03
2018-11-27,923.12
2018-11-28,930.2
2018-11-29,926.79
2018-11-30,926.54
2018-12-01,934.89
2018-12-02,943.24
2018-12-03,951.59
2018-12-04,958.84
2018-12-05,957.14
2018-12-06,954.82
2018-12-07,958.59
2018-12-08,957.69
2018-12-09,956.79
2018-12-10,955.89
2018-12-11,954.58
2018-12-12,961.28
2018-12-13,960.25
2018-12-14,952.04
2018-12-15,945.91
2018-12-16,939.78
2018-12-17,933.65
2018-12-18,927.25
2018-12-19,919.24
2018-12-20,918.24
2018-12-21,912.26
2018-12-22,911.0266666666666
2018-12-23,909.7933333333333
2018-12-24,908.56
2018-12-25,897.94
2018-12-26,891.75
2018-12-27,900.81
2018-12-28,892.54
2018-12-29,892.382
2018-12-30,892.2239999999999
2018-12-31,892.066
2019-01-01,891.908
2019-01-02,891.75
2019-01-03,878.22
2019-01-04,880.9
2019-01-05,883.8133333333333
2019-01-06,886.7266666666667
2019-01-07,889.64
2019-01-08,887.44
2019-01-09,896.99
2019-01-10,898.3
2019-01-11,902.71
2019-01-12,902.4066666666666
2019-01-13,902.1033333333334
2019-01-14,901.8
2019-01-15,909.68
2019-01-16,908.7
2019-01-17,901.89
2019-01-18,902.3
2019-01-19,905.2166666666666
2019-01-20,908.1333333333333
2019-01-21,911.05
2019-01-22,906.55
2019-01-23,908.18
2019-01-24,908.79
2019-01-25,908.88
2019-01-26,909.98
2019-01-27,911.0799999999999
2019-01-28,912.18
2019-01-29,915.93
2019-01-30,915.84
2019-01-31,910.65
2019-02-01,908.67
2019-02-02,910.413
2019-02-03,912.156
2019-02-04,913.899
2019-02-05,915.6419999999999
2019-02-06,917.385
2019-02-07,919.128
2019-02-08,920.871
2019-02-09,922.614
2019-02-10,924.357
2019-02-11,926.1
2019-02-12,937.54
2019-02-13,945.25
2019-02-14,952.34
2019-02-15,950.89
2019-02-16,954.36
2019-02-17,957.8299999999999
2019-02-18,961.3
2019-02-19,964.35
2019-02-20,970.58
2019-02-21,987.57
2019-02-22,988.91
2019-02-23,990.75
2019-02-24,992.5899999999999
2019-02-25,994.43
2019-02-26,987.06
2019-02-27,990.27
2019-02-28,965.47
2019-03-01,979.63
2019-03-02,984.4166666666666
2019-03-03,989.2033333333334
2019-03-04,993.99
2019-03-05,992.45
2019-03-06,994.49
2019-03-07,994.03
2019-03-08,985.25
2019-03-09,985.0333333333333
2019-03-10,984.8166666666667
2019-03-11,984.6
2019-03-12,1001.32
2019-03-13,1005.41
2019-03-14,1008.44
2019-03-15,1004.12
2019-03-16,1006.7
2019-03-17,1009.28
2019-03-18,1011.86
2019-03-19,1006.59
2019-03-20,1002.3
2019-03-21,981.78
2019-03-22,988.71
2019-03-23,982.4966666666667
2019-03-24,976.2833333333334
2019-03-25,970.07
2019-03-26,969.79
2019-03-27,975.91
2019-03-28,982.98
2019-03-29,980.76
2019-03-30,983.35
2019-03-31,985.9399999999999
2019-04-01,988.53
2019-04-02,985.81
2019-04-03,984.46
2019-04-04,986.91
2019-04-05,989.26
2019-04-06,992.0266666666666
2019-04-07,994.7933333333333
2019-04-08,997.56
2019-04-09,988.48
2019-04-10,981.91
2019-04-11,985.95
2019-04-12,982.9
2019-04-13,981.4675
2019-04-14,980.035
2019-04-15,978.6025
2019-04-16,977.17
2019-04-17,972.1
2019-04-18,962.3
2019-04-19,966.21
2019-04-20,966.0933333333334
2019-04-21,965.9766666666667
2019-04-22,965.86
2019-04-23,968.0
2019-04-24,976.92
2019-04-25,974.13
2019-04-26,979.64
2019-04-27,979.45
2019-04-28,979.26
2019-04-29,979.0699999999999
2019-04-30,978.88
2019-05-01,978.69
2019-05-02,978.5
2019-05-03,974.14
2019-05-04,968.75
2019-05-05,963.36
2019-05-06,957.97
2019-05-07,957.56
2019-05-08,951.22
2019-05-09,947.01
2019-05-10,952.55
2019-05-11,954.5466666666666
2019-05-12,956.5433333333333
2019-05-13,958.54
2019-05-14,965.34
2019-05-15,975.64
2019-05-16,975.69
2019-05-17,976.48
2019-05-18,980.03
2019-05-19,983.58
2019-05-20,987.13
2019-05-21,986.29
2019-05-22,983.78
2019-05-23,982.71
2019-05-24,970.03
2019-05-25,971.7333333333333
2019-05-26,973.4366666666666
2019-05-27,975.14
2019-05-28,972.0
2019-05-29,971.54
2019-05-30,969.34
2019-05-31,959.88
2019-06-01,955.41
2019-06-02,950.94
2019-06-03,946.47
2019-06-04,951.16
2019-06-05,951.41
2019-06-06,948.21
2019-06-07,958.28
2019-06-08,959.8199999999999
2019-06-09,961.36
2019-06-10,962.9
2019-06-11,962.07
2019-06-12,954.17
2019-06-13,950.08
2019-06-14,953.61
2019-06-15,951.39
2019-06-16,949.1700000000001
2019-06-17,946.95
2019-06-18,944.01
2019-06-19,949.69
2019-06-20,959.18
2019-06-21,959.2
2019-06-22,960.4166666666667
2019-06-23,961.6333333333333
2019-06-24,962.85
2019-06-25,960.13
2019-06-26,959.13
2019-06-27,943.11
2019-06-28,949.94
2019-06-29,955.1633333333334
2019-06-30,960.3866666666667
2019-07-01,965.61
2019-07-02,961.98
2019-07-03,960.39
2019-07-04,973.04
2019-07-05,975.34
2019-07-06,972.3433333333334
2019-07-07,969.3466666666667
2019-07-08,966.35
2019-07-09,969.05
2019-07-10,973.65
2019-07-11,978.63
2019-07-12,975.4
2019-07-13,974.4433333333333
2019-07-14,973.4866666666667
2019-07-15,972.53
2019-07-16,982.11
2019-07-17,982.57
2019-07-18,976.05
2019-07-19,982.34
2019-07-20,982.24
2019-07-21,982.14
2019-07-22,982.04
2019-07-23,989.46
2019-07-24,988.41
2019-07-25,994.95
2019-07-26,993.35
2019-07-27,994.88
2019-07-28,996.4100000000001
2019-07-29,997.94
2019-07-30,986.02
2019-07-31,991.66
2019-08-01,997.39
2019-08-02,991.1
2019-08-03,985.1166666666667
2019-08-04,979.1333333333333
2019-08-05,973.15
2019-08-06,964.61
2019-08-07,965.93
2019-08-08,975.24
2019-08-09,974.34
2019-08-10,974.6633333333333
2019-08-11,974.9866666666667
2019-08-12,975.31
2019-08-13,966.83
2019-08-14,968.91
2019-08-15,979.38
2019-08-16,980.0
2019-08-17,980.3433333333334
2019-08-18,980.6866666666666
2019-08-19,981.03
2019-08-20,984.67
2019-08-21,994.38
2019-08-22,997.26
2019-08-23,992.45
2019-08-24,989.26
2019-08-25,986.07
2019-08-26,982.88
2019-08-27,976.79
2019-08-28,977.26
2019-08-29,978.59
2019-08-30,984.06
2019-08-31,982.885
2019-09-01,981.71
2019-09-02,980.535
2019-09-03,979.36
2019-09-04,977.63
2019-09-05,976.79
2019-09-06,974.08
2019-09-07,974.0933333333334
2019-09-08,974.1066666666667
2019-09-09,974.12
2019-09-10,970.26
2019-09-11,969.31
2019-09-12,976.07
2019-09-13,987.22
2019-09-14,988.1
2019-09-15,988.98
2019-09-16,989.86
2019-09-17,996.74
2019-09-18,995.15
2019-09-19,997.1
2019-09-20,990.36
2019-09-21,988.8233333333334
2019-09-22,987.2866666666666
2019-09-23,985.75
2019-09-24,988.13
2019-09-25,987.3
2019-09-26,990.75
2019-09-27,997.84
2019-09-28,997.4133333333333
2019-09-29,996.9866666666667
2019-09-30,996.56
2019-10-01,999.59
2019-10-02,991.19
2019-10-03,989.67
2019-10-04,987.59
2019-10-05,986.09
2019-10-06,984.59
2019-10-07,983.09
2019-10-08,988.22
2019-10-09,987.83
2019-10-10,987.38
2019-10-11,991.84
2019-10-12,992.4166666666667
2019-10-13,992.9933333333333
2019-10-14,993.57
2019-10-15,993.05
2019-10-16,994.46
2019-10-17,989.82
2019-10-18,989.2
2019-10-19,987.32
2019-10-20,985.4399999999999
2019-10-21,983.56
2019-10-22,987.19
2019-10-23,987.79
2019-10-24,993.6
2019-10-25,996.57
2019-10-26,996.5400000000001
2019-10-27,996.51
2019-10-28,996.48
2019-10-29,995.87
2019-10-30,1000.89
2019-10-31,998.82
2019-11-01,1015.59
2019-11-02,1017.87
2019-11-03,1020.15
2019-11-04,1022.43
2019-11-05,1024.34
2019-11-06,1024.91
2019-11-07,1024.03
2019-11-08,1022.49
2019-11-09,1020.5766666666667
2019-11-10,1018.6633333333333
2019-11-11,1016.75
2019-11-12,1018.33
2019-11-13,1012.77
2019-11-14,1012.3
2019-11-15,1010.03
2019-11-16,1007.6566666666666
2019-11-17,1005.2833333333333
2019-11-18,1002.91
2019-11-19,1008.35
2019-11-20,1000.56
2019-11-21,987.89
2019-11-22,977.78
2019-11-23,977.3033333333333
2019-11-24,976.8266666666667
2019-11-25,976.35
2019-11-26,976.79
2019-11-27,978.17
2019-11-28,970.39
2019-11-29,970.75
2019-11-30,966.9366666666666
2019-12-01,963.1233333333333
2019-12-02,959.31
2019-12-03,953.43
2019-12-04,965.9
2019-12-05,963.27
2019-12-06,963.56
2019-12-07,964.3933333333333
2019-12-08,965.2266666666666
2019-12-09,966.06
2019-12-10,960.3
2019-12-11,961.78
2019-12-12,968.17
2019-12-13,966.18
2019-12-14,964.61
2019-12-15,963.04
2019-12-16,961.47
2019-12-17,954.03
2019-12-18,951.13
2019-12-19,952.26
2019-12-20,956.41
2019-12-21,957.4166666666666
2019-12-22,958.4233333333333
2019-12-23,959.43
2019-12-24,958.88
2019-12-25,960.92
2019-12-26,958.59
2019-12-27,963.51
2019-12-28,964.0166666666667
2019-12-29,964.5233333333333
2019-12-30,965.03
2019-12-31,960.99
2020-01-01,963.8299999999999
2020-01-02,966.67
2020-01-03,965.14
2020-01-04,962.0233333333333
2020-01-05,958.9066666666666
2020-01-06,955.79
2020-01-07,958.88
2020-01-08,948.98
2020-01-09,960.15
2020-01-10,968.54
2020-01-11,967.64
2020-01-12,966.74
2020-01-13,965.84
2020-01-14,967.0
2020-01-15,967.56
2020-01-16,974.31
2020-01-17,978.96
2020-01-18,978.85
2020-01-19,978.74
2020-01-20,978.63
2020-01-21,986.37
2020-01-22,991.46
2020-01-23,987.475
2020-01-24,983.49
2020-01-25,979.505
2020-01-26,975.52
2020-01-27,971.5350000000001
2020-01-28,967.5500000000001
2020-01-29,963.565
2020-01-30,959.58
2020-01-31,936.62
2020-02-01,933.7933333333333
2020-02-02,930.9666666666667
2020-02-03,928.14
2020-02-04,929.09
2020-02-05,925.91
2020-02-06,938.54
2020-02-07,940.75
2020-02-08,937.41
2020-02-09,934.07
2020-02-10,930.73
2020-02-11,934.67
2020-02-12,937.68
2020-02-13,938.24
2020-02-14,937.45
2020-02-15,936.5566666666667
2020-02-16,935.6633333333333
2020-02-17,934.77
2020-02-18,927.93
2020-02-19,928.76
2020-02-20,938.13
2020-02-21,933.09
2020-02-22,923.1733333333334
2020-02-23,913.2566666666667
2020-02-24,903.34
2020-02-25,909.67
2020-02-26,895.97
2020-02-27,898.44
2020-02-28,882.19
2020-02-29,882.9366666666667
2020-03-01,883.6833333333333
2020-03-02,884.43
2020-03-03,890.61
2020-03-04,889.37
2020-03-05,893.31
2020-03-06,891.44
2020-03-07,872.7900000000001
2020-03-08,854.14
2020-03-09,835.49
2020-03-10,837.5
2020-03-11,811.35
2020-03-12,769.25
2020-03-13,761.78
2020-03-14,757.14
2020-03-15,752.5
2020-03-16,747.86
2020-03-17,745.78
2020-03-18,747.66
2020-03-19,725.94
2020-03-20,709.73
2020-03-21,695.35
2020-03-22,680.97
2020-03-23,666.59
2020-03-24,659.21
2020-03-25,690.25
2020-03-26,694.21
2020-03-27,696.06
2020-03-28,684.7933333333333
2020-03-29,673.5266666666666
2020-03-30,662.26
2020-03-31,662.53
2020-04-01,680.23
2020-04-02,691.015
2020-04-03,701.8
2020-04-04,713.4499999999999
2020-04-05,725.1
2020-04-06,736.75
2020-04-07,746.69
2020-04-08,748.02
2020-04-09,760.33
2020-04-10,757.94
2020-04-11,760.5566666666667
2020-04-12,763.1733333333333
2020-04-13,765.79
2020-04-14,767.41
2020-04-15,777.22
2020-04-16,780.7
2020-04-17,789.6
2020-04-18,791.39
2020-04-19,793.1800000000001
2020-04-20,794.97
2020-04-21,766.84
2020-04-22,768.92
2020-04-23,773.91
2020-04-24,776.66
2020-04-25,774.6966666666666
2020-04-26,772.7333333333333
2020-04-27,770.77
2020-04-28,767.21
2020-04-29,769.11
2020-04-30,767.782
2020-05-01,766.4540000000001
2020-05-02,765.126
2020-05-03,763.798
2020-05-04,762.47
2020-05-05,764.16
2020-05-06,782.59
2020-05-07,796.54
2020-05-08,813.73
2020-05-09,818.5966666666667
2020-05-10,823.4633333333334
2020-05-11,828.33
2020-05-12,835.32
2020-05-13,834.21
2020-05-14,832.4
2020-05-15,827.03
2020-05-16,830.3566666666667
2020-05-17,833.6833333333333
2020-05-18,837.01
2020-05-19,845.92
2020-05-20,852.91
2020-05-21,862.73
2020-05-22,852.74
2020-05-23,854.84
2020-05-24,856.9399999999999
2020-05-25,859.04
2020-05-26,869.13
2020-05-27,857.48
2020-05-28,861.39
2020-05-29,864.47
2020-05-30,869.2033333333334
2020-05-31,873.9366666666666
2020-06-01,878.67
2020-06-02,874.8
2020-06-03,881.17
2020-06-04,883.9
2020-06-05,886.22
2020-06-06,890.7866666666666
2020-06-07,895.3533333333334
2020-06-08,899.92
2020-06-09,899.43
2020-06-10,900.0
2020-06-11,867.37
2020-06-12,863.52
2020-06-13,853.17
2020-06-14,842.82
2020-06-15,832.47
2020-06-16,856.13
2020-06-17,854.44
2020-06-18,855.27
2020-06-19,868.56
2020-06-20,869.4666666666666
2020-06-21,870.3733333333333
2020-06-22,871.28
2020-06-23,868.2
2020-06-24,859.71
2020-06-25,854.59
2020-06-26,851.98
2020-06-27,844.44
2020-06-28,836.9
2020-06-29,829.36
2020-06-30,825.11
2020-07-01,843.49
2020-07-02,842.38
2020-07-03,847.61
2020-07-04,852.1266666666667
2020-07-05,856.6433333333333
2020-07-06,861.16
2020-07-07,863.42
2020-07-08,864.5
2020-07-09,876.46
2020-07-10,871.21
2020-07-11,870.38
2020-07-12,869.5500000000001
2020-07-13,868.72
2020-07-14,868.11
2020-07-15,869.91
2020-07-16,876.83
2020-07-17,872.02
2020-07-18,868.48
2020-07-19,864.9399999999999
2020-07-20,861.4
2020-07-21,861.69
2020-07-22,855.08
2020-07-23,856.75
2020-07-24,829.16
2020-07-25,814.4966666666667
2020-07-26,799.8333333333333
2020-07-27,785.17
2020-07-28,813.36
2020-07-29,790.84
2020-07-30,801.13
2020-07-31,798.39
2020-08-01,803.81
2020-08-02,809.23
2020-08-03,814.65
2020-08-04,827.57
2020-08-05,837.8
2020-08-06,840.04
2020-08-07,841.46
2020-08-08,842.0400000000001
2020-08-09,842.62
2020-08-10,843.2
2020-08-11,843.08
2020-08-12,846.92
2020-08-13,855.05
2020-08-14,850.74
2020-08-15,850.5433333333333
2020-08-16,850.3466666666667
2020-08-17,850.15
2020-08-18,846.43
2020-08-19,851.21
2020-08-20,848.21
2020-08-21,854.78
2020-08-22,859.4133333333333
2020-08-23,864.0466666666666
2020-08-24,868.68
2020-08-25,874.12
2020-08-26,873.47
2020-08-27,874.71
2020-08-28,878.98
2020-08-29,879.87
2020-08-30,880.76
2020-08-31,881.65
2020-09-01,891.73
2020-09-02,897.85
2020-09-03,903.97
2020-09-04,901.54
2020-09-05,897.11
2020-09-06,892.68
2020-09-07,888.25
2020-09-08,890.14
2020-09-09,889.32
2020-09-10,888.82
2020-09-11,888.97
2020-09-12,890.8366666666667
2020-09-13,892.7033333333334
2020-09-14,894.57
2020-09-15,896.26
2020-09-16,897.47
2020-09-17,894.04
2020-09-18,900.95
2020-09-19,903.2800000000001
2020-09-20,905.61
2020-09-21,907.94
2020-09-22,906.19
2020-09-23,912.5
2020-09-24,908.58
2020-09-25,908.27
2020-09-26,909.68
2020-09-27,911.09
2020-09-28,912.5
2020-09-29,903.98
2020-09-30,905.21
2020-10-01,914.09
2020-10-02,909.91
2020-10-03,911.5
2020-10-04,913.0899999999999
2020-10-05,914.68
2020-10-06,915.67
2020-10-07,919.72
2020-10-08,918.84
2020-10-09,924.0
2020-10-10,924.61
2020-10-11,925.22
2020-10-12,925.83
2020-10-13,929.86
2020-10-14,940.18
2020-10-15,942.76
2020-10-16,943.3
2020-10-17,943.43
2020-10-18,943.5600000000001
2020-10-19,943.69
2020-10-20,944.42
2020-10-21,939.03
2020-10-22,949.9
2020-10-23,961.26
2020-10-24,957.7733333333333
2020-10-25,954.2866666666666
2020-10-26,950.8
2020-10-27,946.47
2020-10-28,921.05
2020-10-29,919.08
2020-10-30,925.47
2020-10-31,928.2066666666667
2020-11-01,930.9433333333333
2020-11-02,933.68
2020-11-03,935.41
2020-11-04,939.76
2020-11-05,937.75
2020-11-06,938.29
2020-11-07,942.8566666666667
2020-11-08,947.4233333333333
2020-11-09,951.99
2020-11-10,951.9
2020-11-11,952.22
2020-11-12,959.28
2020-11-13,966.29
2020-11-14,961.1233333333333
2020-11-15,955.9566666666666
2020-11-16,950.79
2020-11-17,968.9
2020-11-18,973.53
2020-11-19,983.26
2020-11-20,990.0
2020-11-21,991.3966666666666
2020-11-22,992.7933333333334
2020-11-23,994.19
2020-11-24,995.76
2020-11-25,999.94
2020-11-26,1005.97
2020-11-27,1010.22
2020-11-28,1007.84
2020-11-29,1005.46
2020-11-30,1003.08
2020-12-01,1008.87
2020-12-02,1014.32
2020-12-03,1019.8
2020-12-04,1021.49
2020-12-05,1024.32
2020-12-06,1027.15
2020-12-07,1029.98
2020-12-08,1029.26
2020-12-09,1039.13
2020-12-10,1030.91
2020-12-11,1045.96
2020-12-12,1052.0033333333333
2020-12-13,1058.0466666666666
2020-12-14,1064.09
2020-12-15,1055.27
2020-12-16,1066.99
2020-12-17,1051.77
2020-12-18,1067.46
2020-12-19,1072.0
2020-12-20,1076.54
2020-12-21,1081.08
2020-12-22,1083.45
2020-12-23,1078.9
2020-12-24,1067.52
2020-12-25,1084.42
2020-12-26,1086.7233333333334
2020-12-27,1089.0266666666666
2020-12-28,1091.33
2020-12-29,1099.49
2020-12-30,1097.54
2020-12-31,1103.87
2021-01-01,1108.02
2021-01-02,1112.17
2021-01-03,1116.32
2021-01-04,1120.47
2021-01-05,1132.55
2021-01-06,1143.21
2021-01-07,1156.49
2021-01-08,1167.69
2021-01-09,1173.4233333333334
2021-01-10,1179.1566666666668
2021-01-11,1184.89
2021-01-12,1192.28
2021-01-13,1186.05
2021-01-14,1187.4
2021-01-15,1194.2
2021-01-16,1193.4466666666667
2021-01-17,1192.6933333333334
2021-01-18,1191.94
2021-01-19,1131.0
2021-01-20,1134.68
2021-01-21,1164.21
2021-01-22,1166.78
2021-01-23,1166.5366666666666
2021-01-24,1166.2933333333333
2021-01-25,1166.05
2021-01-26,1136.12
2021-01-27,1097.17
2021-01-28,1023.94
2021-01-29,1056.61
2021-01-30,1049.5766666666666
2021-01-31,1042.5433333333333
2021-02-01,1035.51
2021-02-02,1075.53
2021-02-03,1111.29
2021-02-04,1112.19
2021-02-05,1126.91
2021-02-06,1112.3333333333335
2021-02-07,1097.7566666666667
2021-02-08,1083.18
2021-02-09,1114.93
2021-02-10,1120.03625
2021-02-11,1125.1425
2021-02-12,1130.24875
2021-02-13,1135.355
2021-02-14,1140.46125
2021-02-15,1145.5675
2021-02-16,1150.67375
2021-02-17,1155.78
2021-02-18,1174.38
2021-02-19,1173.5
2021-02-20,1174.0133333333333
2021-02-21,1174.5266666666666
2021-02-22,1175.04
2021-02-23,1177.64
2021-02-24,1162.01
2021-02-25,1165.43
2021-02-26,1168.47
2021-02-27,1174.3700000000001
2021-02-28,1180.27
2021-03-01,1186.17
2021-03-02,1186.61
2021-03-03,1186.95
2021-03-04,1168.52
2021-03-05,1168.69
2021-03-06,1168.55
2021-03-07,1168.41
2021-03-08,1168.27
2021-03-09,1161.97
2021-03-10,1170.08
2021-03-11,1181.73
2021-03-12,1181.56
2021-03-13,1182.56
2021-03-14,1183.56
2021-03-15,1184.56
2021-03-16,1179.9
2021-03-17,1186.09
2021-03-18,1200.94
2021-03-19,1194.05
2021-03-20,1194.1766666666667
2021-03-21,1194.3033333333333
2021-03-22,1194.43
2021-03-23,1183.45
2021-03-24,1161.81
2021-03-25,1163.1
2021-03-26,1162.21
2021-03-27,1166.7
2021-03-28,1171.19
2021-03-29,1175.68
2021-03-30,1186.36
2021-03-31,1191.44
2021-04-01,1216.1
2021-04-02,1224.45
2021-04-03,1228.3166666666666
2021-04-04,1232.1833333333334
2021-04-05,1236.05
2021-04-06,1239.96
2021-04-07,1242.38
2021-04-08,1234.89
2021-04-09,1231.66
2021-04-10,1238.5900000000001
2021-04-11,1245.52
2021-04-12,1252.45
2021-04-13,1248.33
2021-04-14,1255.87
2021-04-15,1247.25
2021-04-16,1238.71
2021-04-17,1246.0
2021-04-18,1253.29
2021-04-19,1260.58
2021-04-20,1268.28
2021-04-21,1248.05
2021-04-22,1227.82
2021-04-23,1248.53
2021-04-24,1237.61
2021-04-25,1226.69
2021-04-26,1215.77
2021-04-27,1219.75
2021-04-28,1229.55
2021-04-29,1239.39
2021-04-30,1239.952
2021-05-01,1240.5140000000001
2021-05-02,1241.076
2021-05-03,1241.6380000000001
2021-05-04,1242.2
2021-05-05,1256.43
2021-05-06,1250.57
2021-05-07,1241.81
2021-05-08,1247.7333333333333
2021-05-09,1253.6566666666665
2021-05-10,1259.58
2021-05-11,1256.04
2021-05-12,1269.09
2021-05-13,1261.99
2021-05-14,1266.36
2021-05-15,1263.8066666666666
2021-05-16,1261.2533333333333
2021-05-17,1258.7
2021-05-18,1252.68
2021-05-19,1262.49
2021-05-20,1278.22
2021-05-21,1283.93
2021-05-22,1288.6133333333335
2021-05-23,1293.2966666666666
2021-05-24,1297.98
2021-05-25,1308.58
2021-05-26,1316.7
2021-05-27,1303.57
2021-05-28,1320.46
2021-05-29,1322.99
2021-05-30,1325.52
2021-05-31,1328.05
2021-06-01,1337.78
2021-06-02,1340.78
2021-06-03,1364.28
2021-06-04,1374.05
2021-06-05,1368.96
2021-06-06,1363.87
2021-06-07,1358.78
2021-06-08,1319.88
2021-06-09,1332.9
2021-06-10,1323.58
2021-06-11,1351.74
2021-06-12,1355.0666666666666
2021-06-13,1358.3933333333334
2021-06-14,1361.72
2021-06-15,1367.36
2021-06-16,1356.52
2021-06-17,1359.92
2021-06-18,1377.77
2021-06-19,1376.0566666666666
2021-06-20,1374.3433333333335
2021-06-21,1372.63
2021-06-22,1379.97
2021-06-23,1376.87
2021-06-24,1379.72
2021-06-25,1390.12
2021-06-26,1395.35
2021-06-27,1400.58
2021-06-28,1405.81
2021-06-29,1410.04
2021-06-30,1408.55
2021-07-01,1417.08
2021-07-02,1420.27
2021-07-03,1417.2233333333334
2021-07-04,1414.1766666666667
2021-07-05,1411.13
2021-07-06,1354.79
2021-07-07,1388.55
2021-07-08,1374.68
2021-07-09,1347.14
2021-07-10,1330.1933333333334
2021-07-11,1313.2466666666667
2021-07-12,1296.3
2021-07-13,1297.54
2021-07-14,1279.91
2021-07-15,1293.92
2021-07-16,1299.31
2021-07-17,1280.71
2021-07-18,1262.11
2021-07-19,1243.51
2021-07-20,1273.29
2021-07-21,1270.79
2021-07-22,1293.67
2021-07-23,1268.83
2021-07-24,1270.1233333333332
2021-07-25,1271.4166666666667
2021-07-26,1272.71
2021-07-27,1276.93
2021-07-28,1277.07
2021-07-29,1293.6
2021-07-30,1310.05
2021-07-31,1311.44
2021-08-01,1312.83
2021-08-02,1314.22
2021-08-03,1332.44
2021-08-04,1334.74
2021-08-05,1345.55
2021-08-06,1341.45
2021-08-07,1347.5866666666666
2021-08-08,1353.7233333333334
2021-08-09,1359.86
2021-08-10,1362.43
2021-08-11,1357.79
2021-08-12,1353.05
2021-08-13,1357.05
2021-08-14,1361.6866666666667
2021-08-15,1366.3233333333333
2021-08-16,1370.96
2021-08-17,1363.09
2021-08-18,1360.94
2021-08-19,1374.85
2021-08-20,1329.43
2021-08-21,1319.24
2021-08-22,1309.05
2021-08-23,1298.86
2021-08-24,1298.74
2021-08-25,1309.55
2021-08-26,1301.12
2021-08-27,1313.2
2021-08-28,1318.18
2021-08-29,1323.16
2021-08-30,1328.14
2021-08-31,1331.47
2021-09-01,1334.65
2021-09-02,1336.998
2021-09-03,1339.346
2021-09-04,1341.6940000000002
2021-09-05,1344.0420000000001
2021-09-06,1346.39
2021-09-07,1341.9
2021-09-08,1333.61
2021-09-09,1343.98
2021-09-10,1345.31
2021-09-11,1344.0166666666667
2021-09-12,1342.7233333333334
2021-09-13,1341.43
2021-09-14,1339.7
2021-09-15,1345.83
2021-09-16,1345.87
2021-09-17,1352.64
2021-09-18,1351.92
2021-09-19,1351.2
2021-09-20,1350.48
2021-09-21,1339.84
2021-09-22,1350.68
2021-09-23,1352.76
2021-09-24,1351.17
2021-09-25,1342.4433333333334
2021-09-26,1333.7166666666667
2021-09-27,1324.99
2021-09-28,1339.31
2021-09-29,1339.21
2021-09-30,1342.06
2021-10-01,1334.89
2021-10-02,1336.44
2021-10-03,1337.99
2021-10-04,1339.54
2021-10-05,1354.63
2021-10-06,1362.82
2021-10-07,1365.99
2021-10-08,1372.73
2021-10-09,1379.85
2021-10-10,1386.97
2021-10-11,1394.09
2021-10-12,1394.8
2021-10-13,1391.91
2021-10-14,1391.85
2021-10-15,1392.7
2021-10-16,1393.6433333333334
2021-10-17,1394.5866666666666
2021-10-18,1395.53
2021-10-19,1395.33
2021-10-20,1393.8
2021-10-21,1384.77
2021-10-22,1389.24
2021-10-23,1387.96
2021-10-24,1386.68
2021-10-25,1385.4
2021-10-26,1391.63
2021-10-27,1423.02
2021-10-28,1438.01
2021-10-29,1444.27
2021-10-30,1442.5033333333333
2021-10-31,1440.7366666666667
2021-11-01,1438.97
2021-11-02,1452.46
2021-11-03,1444.3
2021-11-04,1448.34
2021-11-05,1456.51
2021-11-06,1460.1966666666667
2021-11-07,1463.8833333333332
2021-11-08,1467.57
2021-11-09,1461.5
2021-11-10,1465.02
2021-11-11,1462.35
2021-11-12,1473.37
2021-11-13,1474.4366666666665
2021-11-14,1475.5033333333333
2021-11-15,1476.57
2021-11-16,1466.45
2021-11-17,1475.85
2021-11-18,1469.83
2021-11-19,1452.35
2021-11-20,1450.6499999999999
2021-11-21,1448.95
2021-11-22,1447.25
2021-11-23,1463.63
2021-11-24,1488.87
2021-11-25,1500.81
2021-11-26,1493.03
2021-11-27,1490.3
2021-11-28,1487.57
2021-11-29,1484.84
2021-11-30,1478.44
2021-12-01,1485.19
2021-12-02,1482.05
2021-12-03,1443.32
2021-12-04,1433.4066666666665
2021-12-05,1423.4933333333333
2021-12-06,1413.58
2021-12-07,1446.77
2021-12-08,1452.87
2021-12-09,1467.98
2021-12-10,1463.54
2021-12-11,1467.7633333333333
2021-12-12,1471.9866666666667
2021-12-13,1476.21
2021-12-14,1476.02
2021-12-15,1475.5
2021-12-16,1476.61
2021-12-17,1479.79
2021-12-18,1478.97
2021-12-19,1478.1499999999999
2021-12-20,1477.33
2021-12-21,1478.74
2021-12-22,1477.67
2021-12-23,1456.96
2021-12-24,1477.03
2021-12-25,1480.98
2021-12-26,1484.93
2021-12-27,1488.88
2021-12-28,1494.39
2021-12-29,1485.82
2021-12-30,1485.97
2021-12-31,1498.28
2022-01-01,1505.105
2022-01-02,1511.9299999999998
2022-01-03,1518.7549999999999
2022-01-04,1525.58
2022-01-05,1522.5
2022-01-06,1528.57
2022-01-07,1528.48
2022-01-08,1520.2233333333334
2022-01-09,1511.9666666666667
2022-01-10,1503.71
2022-01-11,1492.31
2022-01-12,1510.51
2022-01-13,1496.05
2022-01-14,1496.02
2022-01-15,1481.6266666666666
2022-01-16,1467.2333333333333
2022-01-17,1452.84
2022-01-18,1438.94
2022-01-19,1442.79
2022-01-20,1465.3
2022-01-21,1472.89
2022-01-22,1461.8300000000002
2022-01-23,1450.77
2022-01-24,1439.71
2022-01-25,1479.58
2022-01-26,1481.58
2022-01-27,1470.76
2022-01-28,1478.96
2022-01-29,1480.83
2022-01-30,1482.7
2022-01-31,1484.5700000000002
2022-02-01,1486.44
2022-02-02,1488.31
2022-02-03,1490.18
2022-02-04,1492.0500000000002
2022-02-05,1493.92
2022-02-06,1495.79
2022-02-07,1497.66
2022-02-08,1500.99
2022-02-09,1505.38
2022-02-10,1506.79
2022-02-11,1501.71
2022-02-12,1491.7933333333333
2022-02-13,1481.8766666666668
2022-02-14,1471.96
2022-02-15,1492.75
2022-02-16,1492.1
2022-02-17,1507.99
2022-02-18,1504.84
2022-02-19,1506.84
2022-02-20,1508.84
2022-02-21,1510.84
2022-02-22,1503.47
2022-02-23,1512.3
2022-02-24,1494.85
2022-02-25,1498.89
2022-02-26,1495.97
2022-02-27,1493.0500000000002
2022-02-28,1490.13
2022-03-01,1498.78
2022-03-02,1485.52
2022-03-03,1505.0
2022-03-04,1505.33
2022-03-05,1503.2366666666667
2022-03-06,1501.1433333333332
2022-03-07,1499.05
2022-03-08,1473.71
2022-03-09,1473.74
2022-03-10,1479.08
2022-03-11,1466.54
2022-03-12,1459.7766666666666
2022-03-13,1453.0133333333333
2022-03-14,1446.25
2022-03-15,1452.74
2022-03-16,1459.33
2022-03-17,1461.34
2022-03-18,1469.1
2022-03-19,1477.7166666666667
2022-03-20,1486.3333333333333
2022-03-21,1494.95
2022-03-22,1503.78
2022-03-23,1502.34
2022-03-24,1498.26
2022-03-25,1498.5
2022-03-26,1493.3933333333334
2022-03-27,1488.2866666666666
2022-03-28,1483.18
2022-03-29,1497.76
2022-03-30,1490.51
2022-03-31,1492.15
2022-04-01,1516.44
2022-04-02,1519.1933333333334
2022-04-03,1521.9466666666667
2022-04-04,1524.7
2022-04-05,1520.03
2022-04-06,1522.9
2022-04-07,1502.35
2022-04-08,1482.0
2022-04-09,1475.3125
2022-04-10,1468.625
2022-04-11,1461.9375
2022-04-12,1455.25
2022-04-13,1477.2
2022-04-14,1472.12
2022-04-15,1458.56
2022-04-16,1449.9066666666665
2022-04-17,1441.2533333333333
2022-04-18,1432.6
2022-04-19,1406.45
2022-04-20,1384.72
2022-04-21,1370.21
2022-04-22,1379.23
2022-04-23,1356.46
2022-04-24,1333.69
2022-04-25,1310.92
2022-04-26,1341.34
2022-04-27,1353.77
2022-04-28,1350.99
2022-04-29,1366.8
2022-04-30,1363.176
2022-05-01,1359.552
2022-05-02,1355.928
2022-05-03,1352.304
2022-05-04,1348.68
2022-05-05,1360.68
2022-05-06,1329.26
2022-05-07,1309.3799999999999
2022-05-08,1289.5
2022-05-09,1269.62
2022-05-10,1293.56
2022-05-11,1301.53
2022-05-12,1238.84
2022-05-13,1182.77
2022-05-14,1179.1633333333334
2022-05-15,1175.5566666666666
2022-05-16,1171.95
2022-05-17,1228.37
2022-05-18,1240.76
2022-05-19,1241.64
2022-05-20,1240.71
2022-05-21,1233.41
2022-05-22,1226.11
2022-05-23,1218.81
2022-05-24,1233.38
2022-05-25,1268.43
2022-05-26,1268.57
2022-05-27,1285.45
2022-05-28,1288.2733333333333
2022-05-29,1291.0966666666668
2022-05-30,1293.92
2022-05-31,1292.68
2022-06-01,1299.52
2022-06-02,1288.62
2022-06-03,1287.98
2022-06-04,1288.6566666666668
2022-06-05,1289.3333333333333
2022-06-06,1290.01
2022-06-07,1291.35
2022-06-08,1307.91
2022-06-09,1307.8
2022-06-10,1284.08
2022-06-11,1265.0666666666666
2022-06-12,1246.0533333333333
2022-06-13,1227.04
2022-06-14,1230.31
2022-06-15,1213.93
2022-06-16,1236.63
2022-06-17,1217.3
2022-06-18,1205.0
2022-06-19,1192.7
2022-06-20,1180.4
2022-06-21,1172.47
2022-06-22,1169.27
2022-06-23,1188.88
2022-06-24,1185.48
2022-06-25,1191.26
2022-06-26,1197.04
2022-06-27,1202.82
2022-06-28,1218.1
2022-06-29,1218.09
2022-06-30,1197.6
2022-07-01,1198.9
2022-07-02,1197.7766666666666
2022-07-03,1196.6533333333334
2022-07-04,1195.53
2022-07-05,1181.29
2022-07-06,1149.61
2022-07-07,1166.48
2022-07-08,1171.31
2022-07-09,1165.97
2022-07-10,1160.6299999999999
2022-07-11,1155.29
2022-07-12,1174.82
2022-07-13,1173.92
2022-07-14,1182.17
2022-07-15,1179.25
2022-07-16,1178.33
2022-07-17,1177.41
2022-07-18,1176.49
2022-07-19,1178.33
2022-07-20,1194.14
2022-07-21,1198.47
2022-07-22,1194.76
2022-07-23,1192.6733333333334
2022-07-24,1190.5866666666666
2022-07-25,1188.5
2022-07-26,1185.07
2022-07-27,1191.04
2022-07-28,1208.12
2022-07-29,1206.33
2022-07-30,1214.6699999999998
2022-07-31,1223.01
2022-08-01,1231.35
2022-08-02,1241.62
2022-08-03,1249.76
2022-08-04,1254.15
2022-08-05,1252.74
2022-08-06,1254.0766666666666
2022-08-07,1255.4133333333334
2022-08-08,1256.75
2022-08-09,1258.85
2022-08-10,1256.5
2022-08-11,1252.07
2022-08-12,1262.33
2022-08-13,1266.2866666666666
2022-08-14,1270.2433333333333
2022-08-15,1274.2
2022-08-16,1274.69
2022-08-17,1275.28
2022-08-18,1273.66
2022-08-19,1269.18
2022-08-20,1266.2633333333333
2022-08-21,1263.3466666666668
2022-08-22,1260.43
2022-08-23,1270.81
2022-08-24,1277.16
2022-08-25,1288.88
2022-08-26,1282.57
2022-08-27,1278.6466666666665
2022-08-28,1274.7233333333334
2022-08-29,1270.8
2022-08-30,1279.39
2022-08-31,1280.51
2022-09-01,1279.878
2022-09-02,1279.2459999999999
2022-09-03,1278.614
2022-09-04,1277.982
2022-09-05,1277.35
2022-09-06,1277.4
2022-09-07,1243.17
2022-09-08,1234.6
2022-09-09,1248.78
2022-09-10,1249.06
2022-09-11,1249.34
2022-09-12,1249.62
2022-09-13,1248.4
2022-09-14,1240.77
2022-09-15,1245.66
2022-09-16,1234.03
2022-09-17,1224.4966666666667
2022-09-18,1214.9633333333334
2022-09-19,1205.43
2022-09-20,1218.93
2022-09-21,1210.55
2022-09-22,1214.7
2022-09-23,1203.28
2022-09-24,1193.6366666666665
2022-09-25,1183.9933333333333
2022-09-26,1174.35
2022-09-27,1166.54
2022-09-28,1143.62
2022-09-29,1126.07
2022-09-30,1132.11
2022-10-01,1116.8866666666665
2022-10-02,1101.6633333333334
2022-10-03,1086.44
2022-10-04,1078.14
2022-10-05,1104.26
2022-10-06,1074.52
2022-10-07,1035.91
2022-10-08,1038.1000000000001
2022-10-09,1040.29
2022-10-10,1042.48
2022-10-11,1006.2
2022-10-12,1034.81
2022-10-13,1050.99
2022-10-14,1061.85
2022-10-15,1058.4266666666665
2022-10-16,1055.0033333333333
2022-10-17,1051.58
2022-10-18,1063.66
2022-10-19,1060.07
2022-10-20,1058.45
2022-10-21,1019.82
2022-10-22,1008.5966666666667
2022-10-23,997.3733333333333
2022-10-24,986.15
2022-10-25,997.7
2022-10-26,993.36
2022-10-27,1028.01
2022-10-28,1027.36
2022-10-29,1027.5533333333333
2022-10-30,1027.7466666666667
2022-10-31,1027.94
2022-11-01,1033.75
2022-11-02,1023.19
2022-11-03,1019.81
2022-11-04,997.15
2022-11-05,989.83
2022-11-06,982.51
2022-11-07,975.19
2022-11-08,981.65
2022-11-09,985.59
2022-11-10,947.24
2022-11-11,954.53
2022-11-12,950.0333333333333
2022-11-13,945.5366666666666
2022-11-14,941.04
2022-11-15,911.9
2022-11-16,942.9
2022-11-17,969.26
2022-11-18,969.33
2022-11-19,966.4366666666667
2022-11-20,963.5433333333333
2022-11-21,960.65
2022-11-22,952.12
2022-11-23,946.0
2022-11-24,947.71
2022-11-25,971.46
2022-11-26,982.87
2022-11-27,994.2800000000001
2022-11-28,1005.69
2022-11-29,1032.16
2022-11-30,1048.42
2022-12-01,1036.28
2022-12-02,1080.01
2022-12-03,1084.5633333333333
2022-12-04,1089.1166666666668
2022-12-05,1093.67
2022-12-06,1048.69
2022-12-07,1041.02
2022-12-08,1050.53
2022-12-09,1051.81
2022-12-10,1045.23
2022-12-11,1038.6499999999999
2022-12-12,1032.07
2022-12-13,1047.45
2022-12-14,1050.43
2022-12-15,1055.32
2022-12-16,1052.48
2022-12-17,1047.7866666666666
2022-12-18,1043.0933333333335
2022-12-19,1038.4
2022-12-20,1023.13
2022-12-21,1018.88
2022-12-22,1022.61
2022-12-23,1020.34
2022-12-24,1008.63
2022-12-25,996.9200000000001
